input,output,category_encoded
ग्रामीण युवाओं के लिए पास में कोई व्यावसायिक प्रशिक्षण केंद्र नहीं है।,rural livelihood,7
Health centre mein patients ke liye enough beds nahi hain.,healthcare,5
हमारे क्षेत्र में बिजली की आपूर्ति बहुत अनियमित है।,energy,3
Main is problem se pareshan hoon kyunki hamari street se garbage regularly collect nahi kiya jata.,environment,4
The community centre in our area is in poor condition.,urban development,8
सरकारी अस्पताल के शौचालय गंदे हैं और उनकी उचित सफाई नहीं होती।,healthcare,5
"Hamare area mein issue ye hai ki school ki electricity supply reliable nahi hai, jiski wajah se classes affect hoti hain.",education,2
स्थानीय लोगों को समस्या हो रही है क्योंकि जरूरत के समय एंबुलेंस सेवा उपलब्ध नहीं होती है।,healthcare,5
विभाग में दर्ज की गई बार-बार की शिकायतों का समाधान नहीं किया गया है।,public administration,6
Hamare area ke residents ko problem ho rahi hai kyunki local water body mein sewage aur waste discharge kiya ja raha hai.,environment,4
स्कूल में छात्रों को उचित मध्याह्न भोजन नहीं मिल रहा है।,education,2
Important government notices publicly display nahi kiye ja rahe hain.,public administration,6
Exposed electrical wires residents ke liye safety risk create kar rahe hain.,energy,3
Visually impaired pedestrians ke liye tactile path nahi hai.,accessibility,0
The local pond is polluted with garbage and plastic.,environment,4
Hamare area mein electricity supply bahut unreliable hai.,energy,3
Residents in our area are facing a problem because there is excessive garbage dumping in our locality.,environment,4
The bus stop does not have facilities for people with disabilities.,accessibility,0
बाजार के पास कचरे के बहुत सारे ढेर लगे हुए हैं।,environment,4
Hamare village ki women ke liye income earn karne ke opportunities limited hain.,rural livelihood,7
हमारे क्षेत्र का ट्रांसफॉर्मर ओवरलोड है और बार-बार ट्रिप करता है।,energy,3
Hamare locality mein installed solar streetlights functioning nahi hain.,energy,3
Main complaint register karna chahta hoon ki hamare village mein small businesses ke liye proper facilities ki shortage hai.,rural livelihood,7
कृपया मेरी शिकायत दर्ज करें कि सड़क पर ऐसी बाधाएं हैं जिनसे व्हीलचेयर उपयोगकर्ताओं को गुजरने में परेशानी होती है।,accessibility,0
Local self-help groups ko timely financial support nahi mil raha hai.,rural livelihood,7
स्कूल में छात्रों की संख्या के अनुसार पर्याप्त शिक्षक नहीं हैं।,education,2
किसानों को सरकारी कृषि योजनाओं की जानकारी समय पर नहीं मिलती है।,agriculture,1
Hospital mein emergency services properly available nahi hain.,healthcare,5
यह एक गंभीर शहरी विकास संबंधी समस्या है: हमारे क्षेत्र में सार्वजनिक बैठने की जगह खराब हो गई है।,urban development,8
Local residents ko problem ho rahi hai kyunki mere area ke government hospital mein enough doctors nahi hain.,healthcare,5
Government office mein submit kiya gaya application abhi tak process nahi hua hai.,public administration,6
Main complaint register karna chahta hoon ki newly constructed road par already cracks aa gaye hain.,urban development,8
Government health centre mein medicines ki shortage hai.,healthcare,5
There are no audio announcements for visually impaired passengers.,accessibility,0
Rural workers ko government livelihood schemes ki information time par nahi milti.,rural livelihood,7
People in our area are migrating because there are not enough local jobs.,rural livelihood,7
School ki building bahut kharab condition mein hai aur repair ki zarurat hai.,education,2
हमारे क्षेत्र में कई दिनों से पानी की आपूर्ति नहीं हुई है।,water related,9
Hamare village mein young people ke liye proper skill training opportunities nahi hain.,rural livelihood,7
The drainage water is mixing with the drinking water supply.,water related,9
Please meri complaint register karein ki construction work ki wajah se excessive dust pollution ho raha hai.,environment,4
मैं इस समस्या से परेशान हूं क्योंकि सार्वजनिक पार्क में व्हीलचेयर उपयोगकर्ताओं के लिए सुलभ रास्ते नहीं हैं।,accessibility,0
The street infrastructure in our neighbourhood is poorly maintained.,urban development,8
Nearby factories ka smoke hamare locality mein air pollution cause kar raha hai.,environment,4
यह एक गंभीर सार्वजनिक प्रशासन संबंधी समस्या है: हमारे क्षेत्र का सरकारी कार्यालय समय पर सेवाएं उपलब्ध नहीं कराता है।,public administration,6
Please report that there is no proper classroom facility in the government school in my area.,education,2
हमारे क्षेत्र के लोगों को समस्या हो रही है क्योंकि हमारे क्षेत्र की सड़कें बहुत खराब हैं और मरम्मत की जरूरत है।,urban development,8
Please meri complaint register karein ki water supply timings irregular aur inconvenient hain.,water related,9
Teachers are frequently absent from the school without proper arrangement.,education,2
The government service counter is overcrowded and poorly managed.,public administration,6
The residents are facing an issue because the electricity supply in the school is unreliable and affects classes.,education,2
Local government employment scheme mein regularly work nahi milta hai.,rural livelihood,7
Rainwater accumulates on the roads because of poor drainage.,urban development,8
मैं शिकायत दर्ज करना चाहता हूं कि हमारी गली से नियमित रूप से कचरा नहीं उठाया जाता है।,environment,4
सड़क के किनारे बहुत अधिक प्लास्टिक कचरा पड़ा है।,environment,4
I am facing an issue because the newly constructed road has developed cracks already.,urban development,8
There are not enough public water taps in our area.,water related,9
There is a shortage of medicines at the government health centre.,healthcare,5
अस्पताल परिसर की नियमित रूप से सफाई नहीं होती है।,healthcare,5
स्थानीय सरकारी कार्यालय में उचित शिकायत निवारण डेस्क नहीं है।,public administration,6
Hamare area ke farmers ko problem ho rahi hai kyunki hamare farms ko main market se connect karne wali road bahut damaged hai.,agriculture,1
हमारे क्षेत्र की सार्वजनिक सुविधा में बिजली की विश्वसनीय आपूर्ति नहीं है।,energy,3
मैं इस समस्या से परेशान हूं क्योंकि स्थानीय जल स्रोत में सीवेज और कचरा डाला जा रहा है।,environment,4
खुले में कचरा जलाने के कारण हमारे क्षेत्र की हवा बहुत खराब हो गई है।,environment,4
The hospital does not have proper facilities for people with disabilities.,healthcare,5
Residents in our village are facing a problem because there are not enough employment opportunities for people in our village.,rural livelihood,7
हमारे क्षेत्र में आने वाले पानी में दिखाई देने वाली गंदगी है।,water related,9
सरकारी कार्यालय में जमा किया गया आवेदन अभी तक संसाधित नहीं हुआ है।,public administration,6
मैं इस समस्या से परेशान हूं क्योंकि हमारे क्षेत्र में बार-बार बिजली कटौती होती है।,energy,3
Public service counter wheelchair users ke liye bahut high hai.,accessibility,0
The footpath in our area is not accessible for wheelchair users.,accessibility,0
बुजुर्गों और दिव्यांग पैदल यात्रियों के लिए उचित बुनियादी सुविधाएं नहीं हैं।,urban development,8
The village irrigation pump is damaged and has not been repaired.,agriculture,1
Hamare area mein supply hone wale water mein visible dirt hai.,water related,9
There is no proper queue management at the government office.,public administration,6
सार्वजनिक सेवा केंद्र में उचित टोकन व्यवस्था नहीं है।,public administration,6
हमारे मोहल्ले में बिजली का वोल्टेज बहुत कम रहता है।,energy,3
ग्रामीण श्रमिकों को सरकारी आजीविका योजनाओं की जानकारी समय पर नहीं मिलती है।,rural livelihood,7
मैं इस समस्या से परेशान हूं क्योंकि पानी की आपूर्ति का समय अनियमित और असुविधाजनक है।,water related,9
Hamare locality mein installed solar streetlights functioning nahi hain.,energy,3
The health centre does not have adequate facilities for elderly patients.,healthcare,5
Hamare locality ke playground ko urgent repair ki zarurat hai.,urban development,8
There is a serious healthcare issue: ambulance services are not available when urgently needed.,healthcare,5
People are burning garbage in the open and causing air pollution.,environment,4
The school playground is damaged and cannot be used safely.,education,2
Railway station par adequate accessibility facilities nahi hain.,accessibility,0
The local healthcare centre is closed during its listed working hours.,healthcare,5
हमारे क्षेत्र का फुटपाथ व्हीलचेयर उपयोगकर्ताओं के लिए सुलभ नहीं है।,accessibility,0
The pedestrian crossing does not have an accessible signal.,accessibility,0
स्थानीय लोगों को सुलभता की समस्या हो रही है क्योंकि सार्वजनिक पार्क में व्हीलचेयर उपयोगकर्ताओं के लिए सुलभ रास्ते नहीं हैं।,accessibility,0
Students are not getting enough textbooks for their classes.,education,2
Ek damaged electricity pole abhi tak repair nahi hua hai.,energy,3
"Log open mein garbage burn kar rahe hain, jiski wajah se air pollution ho raha hai.",environment,4
मैं शिकायत दर्ज करना चाहता हूं कि अस्पताल में मरीजों के लिए साफ पीने का पानी उपलब्ध नहीं है।,healthcare,5
Please complaint register karein ki mere area ke government school mein proper classroom facility nahi hai.,education,2
हमारे क्षेत्र में रीसाइक्लिंग की उचित सुविधा उपलब्ध नहीं है।,environment,4
हमारे क्षेत्र की सार्वजनिक सुविधा में बिजली की विश्वसनीय आपूर्ति नहीं है।,energy,3
Please meri complaint register karein ki hamari street se garbage regularly collect nahi kiya jata.,environment,4
Ye ek serious rural livelihood issue hai: local market small rural producers ko adequate support nahi deta hai.,rural livelihood,7
Local pond garbage aur plastic ki wajah se polluted ho gaya hai.,environment,4
The government office staff are not responding to citizen queries.,public administration,6
The government service counter is overcrowded and poorly managed.,public administration,6
सड़क के पास बिजली का ढीला तार लटक रहा है।,energy,3
Government procurement centre regularly crops accept nahi kar raha hai.,agriculture,1
मैं इस समस्या से परेशान हूं क्योंकि जरूरत के समय एंबुलेंस सेवा उपलब्ध नहीं होती है।,healthcare,5
Hamare area ki main road par bade potholes hain.,urban development,8
नल के पानी से बदबू आती है और यह पीने के लिए सुरक्षित नहीं है।,water related,9
Hamare neighbourhood mein drinking water ki shortage hai.,water related,9
The canal water supply to our village is irregular.,agriculture,1
Hamare area ki public facility mein reliable power supply nahi hai.,energy,3
Public office mein updated service timings display nahi kiye gaye hain.,public administration,6
Garbage dumping area se bahut strong foul smell aa rahi hai.,environment,4
सरकारी क्लिनिक में डॉक्टरों के आने का समय नियमित नहीं है।,healthcare,5
School ka playground damaged hai aur safely use nahi ho sakta.,education,2
हमारे क्षेत्र की सार्वजनिक पानी की टंकी नियमित रूप से नहीं भरी जाती है।,water related,9
A damaged electricity pole has not been repaired.,energy,3
There is no proper footpath for pedestrians on this road.,urban development,8
बुजुर्गों और दिव्यांग पैदल यात्रियों के लिए उचित बुनियादी सुविधाएं नहीं हैं।,urban development,8
Hamare village ki women entrepreneurs ko proper institutional support nahi mil raha hai.,rural livelihood,7
स्कूल की इमारत बहुत खराब हालत में है और मरम्मत की जरूरत है।,education,2
खुले बिजली के तार स्थानीय लोगों के लिए सुरक्षा का खतरा पैदा कर रहे हैं।,energy,3
हमारे क्षेत्र के लोगों को समस्या हो रही है क्योंकि हमारी गली से नियमित रूप से कचरा नहीं उठाया जाता है।,environment,4
महत्वपूर्ण सरकारी सूचनाएं सार्वजनिक रूप से प्रदर्शित नहीं की जाती हैं।,public administration,6
The road expansion work has caused unnecessary obstruction for residents.,urban development,8
The street infrastructure in our neighbourhood is poorly maintained.,urban development,8
कृपया मेरी शिकायत दर्ज करें कि स्थानीय कृषि कार्यालय किसानों को उचित मार्गदर्शन नहीं दे रहा है।,agriculture,1
Farmers are not getting timely information about government agriculture schemes.,agriculture,1
वोल्टेज में बार-बार उतार-चढ़ाव से घरेलू उपकरण खराब हो रहे हैं।,energy,3
There is a serious urban development issue: the public seating area in our locality is damaged.,urban development,8
Residents ko accessibility ki problem ho rahi hai kyunki public park mein wheelchair users ke liye accessible paths nahi hain.,accessibility,0
The health centre does not have adequate facilities for elderly patients.,healthcare,5
The government procurement centre is not accepting crops regularly.,agriculture,1
Market ke paas road bahut narrow hai aur regular traffic jam hota hai.,urban development,8
Education department ne school ki repeated complaints ka solution nahi kiya hai.,education,2
There is a serious issue that there is no proper library facility available for students.,education,2
Farmers are facing difficulty getting subsidized seeds.,agriculture,1
किसानों को सरकारी कृषि योजनाओं की जानकारी समय पर नहीं मिलती है।,agriculture,1
The government clinic has irregular doctor timings.,healthcare,5
We are experiencing low voltage in our neighbourhood.,energy,3
Public toilet mein disabled people ke liye proper accessible facility nahi hai.,accessibility,0
हमारे क्षेत्र में आने वाले पानी में दिखाई देने वाली गंदगी है।,water related,9
हमारे गांव की महिलाओं के लिए आय अर्जित करने के अवसर सीमित हैं।,rural livelihood,7
Hamare area ke residents ko problem ho rahi hai kyunki drinking water pipeline contaminated ho gayi hai.,water related,9
मैं शिकायत करना चाहता हूं कि स्कूल में छात्रों के लिए साफ पीने का पानी उपलब्ध नहीं है।,education,2
Please meri complaint register karein ki hamare locality ka public seating area damaged hai.,urban development,8
The public office does not display updated service timings.,public administration,6
The school does not have adequate desks and benches for students.,education,2
The community centre in our area is in poor condition.,urban development,8
The hospital laboratory does not provide reports on time.,healthcare,5
हमारे क्षेत्र में आने वाले पानी में दिखाई देने वाली गंदगी है।,water related,9
We are experiencing low voltage in our neighbourhood.,energy,3
Residents ko accessibility ki problem ho rahi hai kyunki public buses mein proper wheelchair access available nahi hai.,accessibility,0
हमारे क्षेत्र की मुख्य सड़क पर बड़े-बड़े गड्ढे हैं।,urban development,8
I am facing an issue because there is no wheelchair ramp at the entrance of the government building.,accessibility,0
हमारे क्षेत्र के खेल मैदान की तुरंत मरम्मत की जरूरत है।,urban development,8
सरकारी कार्यालय में सेवाओं का अपडेटेड समय प्रदर्शित नहीं किया गया है।,public administration,6
The canal water supply to our village is irregular.,agriculture,1
The local civic facility does not provide adequate accessibility support.,accessibility,0
The road construction work has been left incomplete for months.,urban development,8
Bad weather ke time power supply unstable ho jati hai.,energy,3
Rural youth ke liye nearby vocational training centre available nahi hai.,rural livelihood,7
स्थानीय कृषि केंद्र में खाद की कमी है।,agriculture,1
स्थानीय स्वास्थ्य केंद्र निर्धारित समय में खुला नहीं रहता है।,healthcare,5
Ye ek serious public administration issue hai: concerned department application status update nahi kar raha hai.,public administration,6
स्थानीय सरकारी रोजगार योजना के तहत नियमित रूप से काम नहीं मिलता है।,rural livelihood,7
The hospital has very long waiting times for patients.,healthcare,5
Ek damaged electricity pole abhi tak repair nahi hua hai.,energy,3
सरकारी कार्यालय में उचित कतार व्यवस्था नहीं है।,public administration,6
Farmers in our area are facing a problem because the road connecting our farms to the main market is badly damaged.,agriculture,1
हमारे क्षेत्र का हैंडपंप खराब है और उसकी मरम्मत नहीं हुई है।,water related,9
Public office ke officials working hours mein frequently available nahi hote.,public administration,6
Officials are delaying the verification of submitted documents.,public administration,6
Railway station par adequate accessibility facilities nahi hain.,accessibility,0
Hamare locality ke playground ko urgent repair ki zarurat hai.,urban development,8
The municipal water pipeline is leaking near our street.,water related,9
Local jobs ki shortage ki wajah se hamare area ke log migrate kar rahe hain.,rural livelihood,7
Main is problem se pareshan hoon kyunki government building ke entrance par wheelchair ke liye ramp nahi hai.,accessibility,0
Local civic facility mein adequate accessibility support available nahi hai.,accessibility,0
पास की फैक्ट्रियों से निकलने वाला धुआं हमारे क्षेत्र में वायु प्रदूषण कर रहा है।,environment,4
Officials at the public office are frequently unavailable during working hours.,public administration,6
सरकारी सेवा काउंटर पर बहुत भीड़ रहती है और व्यवस्था खराब है।,public administration,6
स्थानीय स्वास्थ्य केंद्र में बुनियादी चिकित्सा उपकरण नहीं हैं।,healthcare,5
The health centre does not have enough beds for patients.,healthcare,5
Main complaint register karna chahta hoon ki small rural businesses ko adequate government support nahi mil raha hai.,rural livelihood,7
Exposed electrical wires residents ke liye safety risk create kar rahe hain.,energy,3
The water tanker does not arrive on its scheduled time.,water related,9
हमारे क्षेत्र के लोगों को समस्या हो रही है क्योंकि बिजली मीटर लगाने का अनुरोध अभी तक पूरा नहीं हुआ है।,energy,3
अस्पताल में दिव्यांग लोगों के लिए उचित सुविधाएं नहीं हैं।,healthcare,5
मैं शिकायत दर्ज करना चाहता हूं कि हमारे गांव में लोगों के लिए रोजगार के पर्याप्त अवसर नहीं हैं।,rural livelihood,7
खुले बिजली के तार स्थानीय लोगों के लिए सुरक्षा का खतरा पैदा कर रहे हैं।,energy,3
Local agriculture centre mein fertilizers ki shortage hai.,agriculture,1
Construction waste has been dumped on the roadside.,environment,4
Hamare locality mein installed solar streetlights functioning nahi hain.,energy,3
मैं शिकायत दर्ज करना चाहता हूं कि स्थानीय बाजार छोटे ग्रामीण उत्पादकों को पर्याप्त सहायता नहीं देता है।,rural livelihood,7
The agricultural electricity supply is frequently interrupted.,agriculture,1
The public dustbins in our area are overflowing.,environment,4
Main road par water pipeline mein major leakage hai.,water related,9
The footpath in our area is not accessible for wheelchair users.,accessibility,0
Hamari street ke paas municipal water pipeline leak ho rahi hai.,water related,9
Local government office mein proper grievance desk nahi hai.,public administration,6
Government office mein submit kiya gaya application abhi tak process nahi hua hai.,public administration,6
School ke toilets bahut dirty hain aur unki maintenance nahi hoti.,education,2
School mein students ke liye enough desks aur benches nahi hain.,education,2
किसानों के लिए कृषि मशीनरी की उपलब्धता बहुत कम है।,agriculture,1
Hamare area mein trees cut kiye ja rahe hain aur replacement mein naye trees nahi lagaye ja rahe.,environment,4
Students are not receiving proper mid-day meals at the school.,education,2
Our locality has been without electricity for several hours.,energy,3
Local government office mein bahut long waiting time hai.,public administration,6
Nearby factories ka smoke hamare locality mein air pollution cause kar raha hai.,environment,4
There is no proper street lighting near the public road.,energy,3
Residents in our area are facing a problem because the water supply timings are irregular and inconvenient.,water related,9
नाली का पानी पीने के पानी की पाइपलाइन में मिल रहा है।,water related,9
अस्पताल में मरीजों को बहुत लंबे समय तक इंतजार करना पड़ता है।,healthcare,5
स्थानीय लोग परेशान हैं क्योंकि कक्षाएं बहुत अधिक भीड़ वाले कमरों में चल रही हैं।,education,2
I want to report that there are frequent power cuts in our locality.,energy,3
खुले बिजली के तार स्थानीय लोगों के लिए सुरक्षा का खतरा पैदा कर रहे हैं।,energy,3
शिक्षा विभाग ने स्कूल से जुड़ी बार-बार की शिकायतों का समाधान नहीं किया है।,education,2
हमारे क्षेत्र में पानी की आपूर्ति बार-बार बाधित होती है।,water related,9
Please register my complaint that the diagnostic testing facility is not working properly.,healthcare,5
The application submitted to the government office has not been processed.,public administration,6
Please meri complaint register karein ki local water body mein sewage aur waste discharge kiya ja raha hai.,environment,4
हमारी गली के पास नगर निगम की पानी की पाइपलाइन लीक हो रही है।,water related,9
The toilets in the school are dirty and not maintained.,education,2
स्कूल के शौचालय गंदे हैं और उनकी सफाई नहीं होती।,education,2
Government service counter overcrowded hai aur management poor hai.,public administration,6
Our locality has been without water for several days.,water related,9
हमारे क्षेत्र में कचरा संग्रहण की सेवा नियमित नहीं है।,environment,4
पैदल यात्री क्रॉसिंग पर सुलभ सिग्नल की सुविधा नहीं है।,accessibility,0
Hamare village ki women ke liye income earn karne ke opportunities limited hain.,rural livelihood,7
Hamare area ka footpath wheelchair users ke liye accessible nahi hai.,accessibility,0
Ye ek serious problem hai ki students ke liye school mein proper library facility nahi hai.,education,2
Government clinic mein doctor timings regular nahi hain.,healthcare,5
सार्वजनिक भवन में सीढ़ियों का उपयोग न कर पाने वाले लोगों के लिए लिफ्ट नहीं है।,accessibility,0
The school playground is damaged and cannot be used safely.,education,2
"Footpath bahut uneven hai, jiski wajah se elderly aur disabled pedestrians ko problem hoti hai.",accessibility,0
There is poor drainage along the main road in our locality.,urban development,8
I am facing an issue because the road connecting our farms to the main market is badly damaged.,agriculture,1
स्थानीय सरकारी रोजगार योजना के तहत नियमित रूप से काम नहीं मिलता है।,rural livelihood,7
मैं शिकायत दर्ज करना चाहता हूं कि निर्माण कार्य के कारण बहुत अधिक धूल प्रदूषण हो रहा है।,environment,4
Construction waste has been dumped on the roadside.,environment,4
हमारे घर के पास खराब बिजली की केबल अभी तक नहीं बदली गई है।,energy,3
Hamare area ke residents ko problem ho rahi hai kyunki hamare locality mein regular water supply nahi hai.,water related,9
Pipeline leakage repair na hone ki wajah se water waste ho raha hai.,water related,9
Hamare area ke residents ko problem ho rahi hai kyunki electricity meter installation request abhi tak process nahi hui hai.,energy,3
Please meri complaint register karein ki residents ko government services ke baare mein clear information nahi milti.,public administration,6
Main complaint register karna chahta hoon ki residents ko government services ke baare mein clear information nahi milti.,public administration,6
Local health centre mein basic medical equipment available nahi hai.,healthcare,5
ग्रामीण कारीगरों के लिए अपने उत्पाद बेचने के पर्याप्त अवसर नहीं हैं।,rural livelihood,7
Hamare area mein water supply frequently interrupt hoti hai.,water related,9
The public service counter is too high for wheelchair users.,accessibility,0
खड़ी की गई गाड़ियां सुलभ फुटपाथ को रोक रही हैं।,accessibility,0
School mein students ke liye enough desks aur benches nahi hain.,education,2
The water supplied to our locality contains visible dirt.,water related,9
सरकारी स्वास्थ्य केंद्र में दवाइयों की कमी है।,healthcare,5
सरकारी कार्यालय में वरिष्ठ नागरिकों के लिए उचित सहायता उपलब्ध नहीं है।,public administration,6
हमारे गांव में नहर से पानी की आपूर्ति अनियमित है।,agriculture,1
हमारे क्षेत्र के लोगों को समस्या हो रही है क्योंकि स्थानीय जल स्रोत में सीवेज और कचरा डाला जा रहा है।,environment,4
हमारे क्षेत्र के लोगों को समस्या हो रही है क्योंकि बिजली मीटर लगाने का अनुरोध अभी तक पूरा नहीं हुआ है।,energy,3
Hamare area mein electricity supply bahut unreliable hai.,energy,3
दृष्टिबाधित पैदल यात्रियों के लिए टैक्टाइल पथ नहीं है।,accessibility,0
स्थानीय कृषि केंद्र में खाद की कमी है।,agriculture,1
Please meri complaint register karein ki mere area ke government hospital mein enough doctors nahi hain.,healthcare,5
Patients are being asked to buy medicines that should be available at the hospital.,healthcare,5
The road construction work has been left incomplete for months.,urban development,8
Hamare community ka electricity connection adequate nahi hai.,energy,3
Hamare area ka community centre poor condition mein hai.,urban development,8
मैं शिकायत दर्ज करना चाहता हूं कि स्थानीय प्रशासन ने निवासियों के अनुरोधों का जवाब नहीं दिया है।,public administration,6
कृपया मेरी शिकायत दर्ज करें कि अस्पताल में जांच की सुविधा ठीक से काम नहीं कर रही है।,healthcare,5
The municipal water pipeline is leaking near our street.,water related,9
स्थानीय सरकारी कार्यालय में बहुत लंबे समय तक इंतजार करना पड़ता है।,public administration,6
"लोग खुले में कचरा जला रहे हैं, जिससे वायु प्रदूषण हो रहा है।",environment,4
There is no proper footpath for pedestrians on this road.,urban development,8
The school has very limited computer facilities for students.,education,2
स्थानीय मंडी में किसानों के लिए उचित सुविधाएं नहीं हैं।,agriculture,1
I am facing an issue because the electricity outage continues despite repeated complaints.,energy,3
किसानों को सब्सिडी वाले बीज प्राप्त करने में परेशानी हो रही है।,agriculture,1
The toilets in the government hospital are dirty and poorly maintained.,healthcare,5
हमारे गांव के लोगों को समस्या हो रही है क्योंकि हमारे गांव में लोगों के लिए रोजगार के पर्याप्त अवसर नहीं हैं।,rural livelihood,7
यह एक गंभीर समस्या है कि छात्रों के लिए स्कूल में उचित पुस्तकालय की सुविधा नहीं है।,education,2
Local agriculture centre mein fertilizers ki shortage hai.,agriculture,1
हमारे गांव की महिला उद्यमियों को उचित संस्थागत सहायता नहीं मिल रही है।,rural livelihood,7
ग्रामीण कारीगरों के लिए अपने उत्पाद बेचने के पर्याप्त अवसर नहीं हैं।,rural livelihood,7
Main road par water pipeline mein major leakage hai.,water related,9
Hamari street ke paas electricity transformer frequently fail ho raha hai.,energy,3
सड़क चौड़ीकरण के काम से स्थानीय लोगों को अनावश्यक परेशानी हो रही है।,urban development,8
Local government employment scheme mein regularly work nahi milta hai.,rural livelihood,7
Local pond garbage aur plastic ki wajah se polluted ho gaya hai.,environment,4
Government service counter overcrowded hai aur management poor hai.,public administration,6
Solar streetlights installed in our locality are not functioning.,energy,3
सरकारी सेवा काउंटर पर बहुत भीड़ रहती है और व्यवस्था खराब है।,public administration,6
Waste is being dumped openly near residential buildings.,environment,4
मैं शिकायत दर्ज करना चाहता हूं कि सार्वजनिक पार्क में व्हीलचेयर उपयोगकर्ताओं के लिए सुलभ रास्ते नहीं हैं।,accessibility,0
Frequent voltage fluctuations ki wajah se household appliances damage ho rahe hain.,energy,3
Municipal pipeline se residents ko dirty water mil raha hai.,water related,9
Hamare neighbourhood mein voltage bahut low aa raha hai.,energy,3
सरकारी खरीद केंद्र नियमित रूप से किसानों की फसल नहीं खरीद रहा है।,agriculture,1
हमारे क्षेत्र का सार्वजनिक पार्क ठीक से बनाए नहीं रखा जाता है।,urban development,8
Students ke liye school mein proper sanitation facility nahi hai.,education,2
सार्वजनिक भवन में सीढ़ियों का उपयोग न कर पाने वाले लोगों के लिए लिफ्ट नहीं है।,accessibility,0
Ye ek serious rural livelihood issue hai: hamare village mein logon ke liye enough employment opportunities nahi hain.,rural livelihood,7
सरकारी वेबसाइट दृष्टिबाधित लोगों के लिए उपयोग करना बहुत कठिन है।,accessibility,0
मैं शिकायत दर्ज करना चाहता हूं कि बार-बार शिकायत करने के बावजूद बिजली की कटौती जारी है।,energy,3
We are facing a problem because classes are being conducted in overcrowded rooms.,education,2
खराब जल निकासी के कारण बारिश का पानी सड़कों पर जमा हो जाता है।,urban development,8
Residents in our area are facing a problem because the roads in our locality are badly damaged and need repair.,urban development,8
Workers are facing delays in receiving payments for completed public works.,rural livelihood,7
Hamare village mein canal water supply irregular hai.,agriculture,1
Parked vehicles accessible footpath ko block kar rahe hain.,accessibility,0
गांव के युवाओं के लिए सस्ती कौशल विकास सुविधाएं उपलब्ध नहीं हैं।,rural livelihood,7
I am facing an issue because the road has obstacles that make it difficult for wheelchair users to pass.,accessibility,0
Hamare area ki main road par bade potholes hain.,urban development,8
Ye ek serious urban development issue hai: newly constructed road par already cracks aa gaye hain.,urban development,8
The government clinic has irregular doctor timings.,healthcare,5
Local civic facility mein adequate accessibility support available nahi hai.,accessibility,0
Residents are facing an accessibility problem because public buses do not provide proper wheelchair access.,accessibility,0
"Raat mein streetlights off rehti hain, jiski wajah se road unsafe hai.",energy,3
हमारे क्षेत्र की मुख्य सड़क के किनारे जल निकासी की उचित व्यवस्था नहीं है।,urban development,8
Public works complete karne ke baad workers ko payment milne mein delay ho raha hai.,rural livelihood,7
Hamare area mein garbage collection service regular nahi hai.,environment,4
Hamare area mein trees cut kiye ja rahe hain aur replacement mein naye trees nahi lagaye ja rahe.,environment,4
Please meri complaint register karein ki small farmers ke liye fertilizer prices bahut high hain.,agriculture,1
Residential buildings ke paas openly waste dump kiya ja raha hai.,environment,4
Hamare locality mein proper recycling facility available nahi hai.,environment,4
स्थानीय कृषि केंद्र में खाद की कमी है।,agriculture,1
हमारे क्षेत्र का ट्रांसफॉर्मर ओवरलोड है और बार-बार ट्रिप करता है।,energy,3
The railway station does not have adequate accessibility facilities.,accessibility,0
Patients ko woh medicines bahar se buy karni padti hain jo hospital mein available honi chahiye.,healthcare,5
Local agriculture centre mein fertilizers ki shortage hai.,agriculture,1
There is a serious urban development issue: the public seating area in our locality is damaged.,urban development,8
Students ki sankhya ke hisaab se school mein enough teachers nahi hain.,education,2
स्कूल की इमारत बहुत खराब हालत में है और मरम्मत की जरूरत है।,education,2
Newly developed residential area mein basic civic infrastructure ki shortage hai.,urban development,8
Residents in our area are facing a problem because the electricity meter installation request has not been processed.,energy,3
स्थानीय सरकारी कार्यालय में उचित शिकायत निवारण डेस्क नहीं है।,public administration,6
Visually impaired passengers ke liye audio announcements nahi hain.,accessibility,0
Government office mein disabled people ke liye accessible entrance nahi hai.,accessibility,0
Government office mein disabled people ke liye accessible entrance nahi hai.,accessibility,0
मैं इस समस्या से परेशान हूं क्योंकि स्थानीय बाजार छोटे ग्रामीण उत्पादकों को पर्याप्त सहायता नहीं देता है।,rural livelihood,7
The footpath is too uneven for elderly and disabled pedestrians.,accessibility,0
Hamare locality mein several hours se electricity nahi hai.,energy,3
Ye ek serious rural livelihood issue hai: hamare village mein small businesses ke liye proper facilities ki shortage hai.,rural livelihood,7
Local students ko problem ho rahi hai kyunki classes bahut overcrowded rooms mein conduct ho rahi hain.,education,2
The education department has not resolved repeated complaints about the school.,education,2
Hamare village mein canal water supply irregular hai.,agriculture,1
Is road par pedestrians ke liye proper footpath nahi hai.,urban development,8
Hamare village ke farm workers ko enough seasonal employment nahi milta.,rural livelihood,7
Local pond garbage aur plastic ki wajah se polluted ho gaya hai.,environment,4
Residents in our area are facing a problem because several streetlights in our area are not working.,energy,3
There are parked vehicles blocking the accessible footpath.,accessibility,0
"हमारे क्षेत्र में समस्या यह है कि स्कूल में बिजली की आपूर्ति ठीक नहीं है, जिससे पढ़ाई प्रभावित होती है।",education,2
Officials at the public office are frequently unavailable during working hours.,public administration,6
The public facility in our area does not have a reliable power supply.,energy,3
There is no proper queue management at the government office.,public administration,6
Road expansion work ki wajah se residents ko unnecessary obstruction face karna pad raha hai.,urban development,8
हमारे क्षेत्र में लगाई गई सोलर स्ट्रीट लाइटें काम नहीं कर रही हैं।,energy,3
Students ke liye school mein proper sanitation facility nahi hai.,education,2
Government clinic mein doctor timings regular nahi hain.,healthcare,5
Local government office mein bahut long waiting time hai.,public administration,6
Residents in our area are facing a problem because there are frequent power cuts in our locality.,energy,3
The tap water has a bad smell and is not safe to drink.,water related,9
The health centre does not have enough beds for patients.,healthcare,5
There is excessive waiting time at the local government office.,public administration,6
कृपया शिकायत दर्ज करें कि मेरे क्षेत्र के सरकारी स्कूल में कक्षाओं की उचित व्यवस्था नहीं है।,education,2
The road near the market is too narrow and causes regular congestion.,urban development,8
हमारे क्षेत्र की मुख्य सड़क के किनारे जल निकासी की उचित व्यवस्था नहीं है।,urban development,8
अधिकारी जमा किए गए दस्तावेजों के सत्यापन में देरी कर रहे हैं।,public administration,6
Bus stop par people with disabilities ke liye proper facilities nahi hain.,accessibility,0
मैं शिकायत दर्ज करना चाहता हूं कि स्थानीय जल स्रोत में सीवेज और कचरा डाला जा रहा है।,environment,4
Bad weather ke time power supply unstable ho jati hai.,energy,3
There is a serious healthcare issue: the government hospital in my area does not have enough doctors.,healthcare,5
The public facility in our area does not have a reliable power supply.,energy,3
Ye ek serious rural livelihood issue hai: local market small rural producers ko adequate support nahi deta hai.,rural livelihood,7
Parked vehicles accessible footpath ko block kar rahe hain.,accessibility,0
I want to report that sewage and waste are being discharged into the local water body.,environment,4
I am facing an issue because the village lacks proper facilities for small-scale local businesses.,rural livelihood,7
The air quality has become very poor because of open waste burning.,environment,4
There are too many stray waste piles near the market.,environment,4
Please register my complaint that ambulance services are not available when urgently needed.,healthcare,5
हमारे क्षेत्र की मुख्य सड़क पर बड़े-बड़े गड्ढे हैं।,urban development,8
सड़क निर्माण का काम कई महीनों से अधूरा पड़ा है।,urban development,8
सार्वजनिक कार्य पूरा करने के बाद मजदूरों को भुगतान मिलने में देरी हो रही है।,rural livelihood,7
Hospital mein proper queue management nahi hai.,healthcare,5
Hamare locality mein several hours se electricity nahi hai.,energy,3
There is no clear process for submitting civic complaints in our area.,public administration,6
Government procurement centre regularly crops accept nahi kar raha hai.,agriculture,1
Village ke young people ke liye affordable skill development available nahi hai.,rural livelihood,7
Public road ke paas proper street lighting nahi hai.,energy,3
Hamare locality ka footpath broken hai aur use karna difficult hai.,urban development,8
Students are not getting enough textbooks for their classes.,education,2
विभाग में दर्ज की गई बार-बार की शिकायतों का समाधान नहीं किया गया है।,public administration,6
There is no proper token system at the public service centre.,public administration,6
हमारे क्षेत्र का फुटपाथ टूटा हुआ है और चलने में परेशानी होती है।,urban development,8
पैदल यात्री क्रॉसिंग पर सुलभ सिग्नल की सुविधा नहीं है।,accessibility,0
The hospital laboratory does not provide reports on time.,healthcare,5
स्कूल के शौचालय गंदे हैं और उनकी सफाई नहीं होती।,education,2
मैं इस समस्या से परेशान हूं क्योंकि पानी की आपूर्ति का समय अनियमित और असुविधाजनक है।,water related,9
There is a shortage of medicines at the government health centre.,healthcare,5
नगर निगम की पाइपलाइन से गंदा पानी आ रहा है।,water related,9
Government clinic mein doctor timings regular nahi hain.,healthcare,5
Eligible students ko scholarship ka payment abhi tak receive nahi hua hai.,education,2
Ye ek serious problem hai ki students ke liye school mein proper library facility nahi hai.,education,2
There is no tactile path for visually impaired pedestrians.,accessibility,0
Water tanker scheduled time par nahi aata hai.,water related,9
सरकारी अस्पताल के शौचालय गंदे हैं और उनकी उचित सफाई नहीं होती।,healthcare,5
Government office mein disabled people ke liye accessible entrance nahi hai.,accessibility,0
Women in our village have limited opportunities to earn an income.,rural livelihood,7
वोल्टेज में बार-बार उतार-चढ़ाव से घरेलू उपकरण खराब हो रहे हैं।,energy,3
The local government employment scheme does not provide work regularly.,rural livelihood,7
Health centre ka waiting area bahut overcrowded hai.,healthcare,5
Hamare area ki public water tank regularly fill nahi hoti hai.,water related,9
There is no proper grievance desk at the local government office.,public administration,6
मैं शिकायत दर्ज करना चाहता हूं कि जरूरत के समय एंबुलेंस सेवा उपलब्ध नहीं होती है।,healthcare,5
खराब मौसम के दौरान बिजली की आपूर्ति अस्थिर हो जाती है।,energy,3
There is a shortage of drinking water in our neighbourhood.,water related,9
The garbage collection service is irregular in our area.,environment,4
कृपया मेरी शिकायत दर्ज करें कि स्थानीय जल स्रोत में सीवेज और कचरा डाला जा रहा है।,environment,4
There are no nearby vocational training centres for rural youth.,rural livelihood,7
Hamare community ka electricity connection adequate nahi hai.,energy,3
फसल खराब होने से प्रभावित किसानों को मुआवजा नहीं मिला है।,agriculture,1
Market ke paas road bahut narrow hai aur regular traffic jam hota hai.,urban development,8
Tap water se bad smell aa rahi hai aur ye drinking ke liye safe nahi hai.,water related,9
Hamare area mein trees cut kiye ja rahe hain aur replacement mein naye trees nahi lagaye ja rahe.,environment,4
Government health centre mein medicines ki shortage hai.,healthcare,5
Hamare neighbourhood mein voltage bahut low aa raha hai.,energy,3
मैं शिकायत दर्ज करना चाहता हूं कि छोटे किसानों के लिए खाद की कीमतें बहुत अधिक हैं।,agriculture,1
हमारे क्षेत्र में कई दिनों से पानी की आपूर्ति नहीं हुई है।,water related,9
The hospital does not have enough nurses to handle patients.,healthcare,5
Bad weather ke time power supply unstable ho jati hai.,energy,3
Public office mein updated service timings display nahi kiye gaye hain.,public administration,6
There is no proper system for collecting household hazardous waste.,environment,4
Hamare locality mein several hours se electricity nahi hai.,energy,3
Local government office mein bahut long waiting time hai.,public administration,6
There is no accessible parking space near the public building.,accessibility,0
हमारे समुदाय में बिजली का कनेक्शन पर्याप्त नहीं है।,energy,3
Drainage water drinking water pipeline mein mix ho raha hai.,water related,9
नगर निगम की पानी की आपूर्ति पर्याप्त नहीं होने के कारण लोगों को पानी खरीदना पड़ रहा है।,water related,9
शिक्षा विभाग ने स्कूल से जुड़ी बार-बार की शिकायतों का समाधान नहीं किया है।,education,2
मैं शिकायत दर्ज करना चाहता हूं कि हमारे क्षेत्र की सड़कें बहुत खराब हैं और मरम्मत की जरूरत है।,urban development,8
Public building mein stairs use na kar sakne wale logon ke liye lift nahi hai.,accessibility,0
Government office mein disabled people ke liye accessible entrance nahi hai.,accessibility,0
Hamare area mein garbage collection service regular nahi hai.,environment,4
मैं इस समस्या से परेशान हूं क्योंकि छोटे ग्रामीण व्यवसायों को पर्याप्त सरकारी सहायता नहीं मिल रही है।,rural livelihood,7
Main is problem se pareshan hoon kyunki hamare village mein logon ke liye enough employment opportunities nahi hain.,rural livelihood,7
यह एक गंभीर सुलभता संबंधी समस्या है: सड़क पर ऐसी बाधाएं हैं जिनसे व्हीलचेयर उपयोगकर्ताओं को गुजरने में परेशानी होती है।,accessibility,0
सार्वजनिक शौचालय में दिव्यांग लोगों के लिए उचित सुविधा नहीं है।,accessibility,0
Nearby factories ka smoke hamare locality mein air pollution cause kar raha hai.,environment,4
Hamare area ka public park properly maintained nahi hai.,urban development,8
Visually impaired passengers ke liye audio announcements nahi hain.,accessibility,0
Hamari street ke paas municipal water pipeline leak ho rahi hai.,water related,9
The local self-help groups are not receiving timely financial support.,rural livelihood,7
Please meri complaint register karein ki local agriculture office farmers ko proper guidance nahi de raha hai.,agriculture,1
There is no proper sanitation facility for students.,education,2
हमारे मोहल्ले में पीने के पानी की कमी है।,water related,9
किसानों के लिए कृषि मशीनरी की उपलब्धता बहुत कम है।,agriculture,1
There is no proper street lighting near the public road.,energy,3
ग्रामीण कारीगरों के लिए अपने उत्पाद बेचने के पर्याप्त अवसर नहीं हैं।,rural livelihood,7
School mein basic science laboratory equipment available nahi hai.,education,2
Students are not getting enough textbooks for their classes.,education,2
Crop damage compensation has not been provided to affected farmers.,agriculture,1
Hamare area ka community centre poor condition mein hai.,urban development,8
Local park mein litter aur waste bahut zyada pada hua hai.,environment,4
Farmers ko crop insurance ka payment time par nahi mil raha hai.,agriculture,1
स्कूल में छात्रों की संख्या के अनुसार पर्याप्त शिक्षक नहीं हैं।,education,2
हमारे क्षेत्र के लोगों को समस्या हो रही है क्योंकि हमारे क्षेत्र में नियमित पानी की आपूर्ति नहीं होती है।,water related,9
I am facing an issue because ambulance services are not available when urgently needed.,healthcare,5
Public building mein stairs use na kar sakne wale logon ke liye lift nahi hai.,accessibility,0
हमारे क्षेत्र में पानी का दबाव बहुत कम है।,water related,9
Hamare area mein electricity supply bahut unreliable hai.,energy,3
Hamare neighbourhood ki street infrastructure properly maintained nahi hai.,urban development,8
People are burning garbage in the open and causing air pollution.,environment,4
The school does not provide adequate facilities for students with disabilities.,education,2
हमारे क्षेत्र में कचरा संग्रहण की सेवा नियमित नहीं है।,environment,4
Rural youth ke liye nearby vocational training centre available nahi hai.,rural livelihood,7
यह एक गंभीर समस्या है कि छात्रों के लिए स्कूल में उचित पुस्तकालय की सुविधा नहीं है।,education,2
The playground in our locality needs urgent repair.,urban development,8
स्थानीय पार्क में कचरा और गंदगी फैली हुई है।,environment,4
बिजली का एक खराब खंभा अभी तक ठीक नहीं किया गया है।,energy,3
The local administration has not addressed the shortage of livelihood opportunities in our village.,rural livelihood,7
सड़क के किनारे बहुत अधिक प्लास्टिक कचरा पड़ा है।,environment,4
Please meri complaint register karein ki small rural businesses ko adequate government support nahi mil raha hai.,rural livelihood,7
The government procurement centre is not accepting crops regularly.,agriculture,1
किसानों के लिए कृषि मशीनरी की उपलब्धता बहुत कम है।,agriculture,1
Residents are facing an accessibility problem because there is no wheelchair ramp at the entrance of the government building.,accessibility,0
Farmers ke liye agricultural machinery ki availability bahut kam hai.,agriculture,1
Local healthcare centre apne listed working hours mein open nahi rehta.,healthcare,5
Construction waste has been dumped on the roadside.,environment,4
यह एक गंभीर समस्या है कि छात्रों के लिए स्कूल में उचित पुस्तकालय की सुविधा नहीं है।,education,2
Hamare area mein supply hone wale water mein visible dirt hai.,water related,9
Hamare community ka electricity connection adequate nahi hai.,energy,3
Local administration ne hamare village mein livelihood opportunities ki shortage solve nahi ki hai.,rural livelihood,7
ग्रामीण श्रमिकों को सरकारी आजीविका योजनाओं की जानकारी समय पर नहीं मिलती है।,rural livelihood,7
स्कूल में छात्रों के लिए कंप्यूटर की सुविधा बहुत सीमित है।,education,2
यह एक गंभीर ग्रामीण आजीविका संबंधी समस्या है: हमारे गांव में लोगों के लिए रोजगार के पर्याप्त अवसर नहीं हैं।,rural livelihood,7
Hamare village ki women ke liye income earn karne ke opportunities limited hain.,rural livelihood,7
कीटों के हमले से फसल खराब हो रही है और समय पर सहायता नहीं मिल रही है।,agriculture,1
Ye ek serious agriculture-related issue hai: mere area ke farmers ko irrigation ke liye regular water supply nahi mil rahi hai.,agriculture,1
Ek damaged electricity pole abhi tak repair nahi hua hai.,energy,3
"The streetlights are switched off at night, making the road unsafe.",energy,3
Please meri complaint register karein ki road par obstacles hain jiski wajah se wheelchair users ko pass hone mein problem hoti hai.,accessibility,0
खुले बिजली के तार स्थानीय लोगों के लिए सुरक्षा का खतरा पैदा कर रहे हैं।,energy,3
Health centre mein elderly patients ke liye adequate facilities nahi hain.,healthcare,5
बार-बार अनुरोध करने के बावजूद संबंधित विभाग ने समस्या का समाधान नहीं किया है।,public administration,6
Ek damaged electricity pole abhi tak repair nahi hua hai.,energy,3
Hamare locality mein water pressure bahut low hai.,water related,9
Hamare village ki women ke liye income earn karne ke opportunities limited hain.,rural livelihood,7
The public service counter is too high for wheelchair users.,accessibility,0
The local health centre does not have basic medical equipment.,healthcare,5
कृपया मेरी शिकायत दर्ज करें कि मेरे क्षेत्र के किसानों को सिंचाई के लिए नियमित पानी नहीं मिल रहा है।,agriculture,1
Agriculture ke liye electricity supply frequently interrupt hoti hai.,agriculture,1
हमारे गांव की महिला उद्यमियों को उचित संस्थागत सहायता नहीं मिल रही है।,rural livelihood,7
The local healthcare centre is closed during its listed working hours.,healthcare,5
Local mandi mein farmers ke liye proper facilities nahi hain.,agriculture,1
Repeated requests ke baad bhi concerned department ne issue resolve nahi kiya hai.,public administration,6
The application submitted to the government office has not been processed.,public administration,6
Local civic facility mein adequate accessibility support available nahi hai.,accessibility,0
Main complaint register karna chahta hoon ki hamare locality ka public seating area damaged hai.,urban development,8
Hamare village mein canal water supply irregular hai.,agriculture,1
There is no tactile path for visually impaired pedestrians.,accessibility,0
School ka playground damaged hai aur safely use nahi ho sakta.,education,2
Hamare neighbourhood mein voltage bahut low aa raha hai.,energy,3
Officials at the public office are frequently unavailable during working hours.,public administration,6
Health centre mein patients ke liye enough beds nahi hain.,healthcare,5
Hospital laboratory time par reports provide nahi karti hai.,healthcare,5
"Agricultural fields ke around drainage system poor hai, jiski wajah se waterlogging hoti hai.",agriculture,1
Hamare village ki women entrepreneurs ko proper institutional support nahi mil raha hai.,rural livelihood,7
Rural workers are not getting information about available government livelihood schemes.,rural livelihood,7
दिव्यांग छात्रों के लिए स्कूल में पर्याप्त सुविधाएं नहीं हैं।,education,2
I want to report that there is no wheelchair ramp at the entrance of the government building.,accessibility,0
Main complaint register karna chahta hoon ki hamari street se garbage regularly collect nahi kiya jata.,environment,4
The public facility in our area does not have a reliable power supply.,energy,3
बार-बार अनुरोध करने के बावजूद संबंधित विभाग ने समस्या का समाधान नहीं किया है।,public administration,6
यह एक गंभीर समस्या है कि छात्रों के लिए स्कूल में उचित पुस्तकालय की सुविधा नहीं है।,education,2
मरीजों को वे दवाइयां बाहर से खरीदने के लिए कहा जाता है जो अस्पताल में उपलब्ध होनी चाहिए।,healthcare,5
The school does not have adequate desks and benches for students.,education,2
Farmers are not getting fair prices for their crops at the mandi.,agriculture,1
The footpath in our locality is broken and difficult to use.,urban development,8
Teachers are frequently absent from the school without proper arrangement.,education,2
मैं इस समस्या से परेशान हूं क्योंकि निर्माण कार्य के कारण बहुत अधिक धूल प्रदूषण हो रहा है।,environment,4
सड़क निर्माण का काम कई महीनों से अधूरा पड़ा है।,urban development,8
खराब जल निकासी के कारण बारिश का पानी सड़कों पर जमा हो जाता है।,urban development,8
Main complaint register karna chahta hoon ki mere area ke farmers ko irrigation ke liye regular water supply nahi mil rahi hai.,agriculture,1
The drainage system around agricultural fields is poor and causes waterlogging.,agriculture,1
The residents are facing an issue because the electricity supply in the school is unreliable and affects classes.,education,2
दृष्टिबाधित यात्रियों के लिए ऑडियो घोषणा की सुविधा नहीं है।,accessibility,0
सरकारी कार्यालय में दिव्यांग लोगों के लिए सुलभ प्रवेश द्वार नहीं है।,accessibility,0
Government office staff citizen queries ka response nahi karta.,public administration,6
दृष्टिबाधित यात्रियों के लिए ऑडियो घोषणा की सुविधा नहीं है।,accessibility,0
I want to complain that the school does not have clean drinking water for students.,education,2
Main complaint register karna chahta hoon ki hospital ki diagnostic testing facility properly work nahi kar rahi hai.,healthcare,5
खुले में कचरा जलाने के कारण हमारे क्षेत्र की हवा बहुत खराब हो गई है।,environment,4
Ye ek serious environmental issue hai: hamari street se garbage regularly collect nahi kiya jata.,environment,4
कृपया मेरी शिकायत दर्ज करें कि हमारे क्षेत्र की कई स्ट्रीट लाइटें काम नहीं कर रही हैं।,energy,3
विभाग में दर्ज की गई बार-बार की शिकायतों का समाधान नहीं किया गया है।,public administration,6
हमारे क्षेत्र में कई दिनों से पानी की आपूर्ति नहीं हुई है।,water related,9
The toilets in the school are dirty and not maintained.,education,2
हमारे गांव की महिलाओं के लिए आय अर्जित करने के अवसर सीमित हैं।,rural livelihood,7
स्थानीय प्रशासन ने हमारे गांव में आजीविका के अवसरों की कमी का समाधान नहीं किया है।,rural livelihood,7
Local park mein litter aur waste bahut zyada pada hua hai.,environment,4
"लोग खुले में कचरा जला रहे हैं, जिससे वायु प्रदूषण हो रहा है।",environment,4
Local students ko problem ho rahi hai kyunki classes bahut overcrowded rooms mein conduct ho rahi hain.,education,2
Hamare village ki women ke liye income earn karne ke opportunities limited hain.,rural livelihood,7
Hospital mein disabled people ke liye proper facilities nahi hain.,healthcare,5
कृषि के लिए बिजली की आपूर्ति बार-बार बाधित होती है।,agriculture,1
हमारे क्षेत्र के खेल मैदान की तुरंत मरम्मत की जरूरत है।,urban development,8
The local park is filled with litter and waste.,environment,4
नगर निगम की पाइपलाइन से गंदा पानी आ रहा है।,water related,9
हमारे गांव में नहर से पानी की आपूर्ति अनियमित है।,agriculture,1
I am facing an issue because the local administration has not responded to requests from residents.,public administration,6
Residents are forced to buy water because the municipal supply is inadequate.,water related,9
Please meri complaint register karein ki hamare locality mein excessive garbage dumping ho rahi hai.,environment,4
People in our area are migrating because there are not enough local jobs.,rural livelihood,7
Newly developed residential area mein basic civic infrastructure ki shortage hai.,urban development,8
हमारे क्षेत्र का सामुदायिक केंद्र खराब स्थिति में है।,urban development,8
सड़क के पास बिजली का ढीला तार लटक रहा है।,energy,3
Water tanker scheduled time par nahi aata hai.,water related,9
किसानों को सरकारी कृषि योजनाओं की जानकारी समय पर नहीं मिलती है।,agriculture,1
नगर निगम की पाइपलाइन से गंदा पानी आ रहा है।,water related,9
हमारे क्षेत्र के लोगों को समस्या हो रही है क्योंकि बार-बार शिकायत करने के बावजूद बिजली की कटौती जारी है।,energy,3
The hand pump in our locality is broken and has not been repaired.,water related,9
Teachers are frequently absent from the school without proper arrangement.,education,2
"खेतों के आसपास जल निकासी की व्यवस्था खराब है, जिससे जलभराव होता है।",agriculture,1
The application submitted to the government office has not been processed.,public administration,6
स्थानीय प्रशासन ने हमारे गांव में आजीविका के अवसरों की कमी का समाधान नहीं किया है।,rural livelihood,7
Main complaint register karna chahta hoon ki local water body mein sewage aur waste discharge kiya ja raha hai.,environment,4
सरकारी रोजगार कार्यक्रम में पात्र श्रमिकों का सही तरीके से पंजीकरण नहीं हो रहा है।,rural livelihood,7
Government procurement centre regularly crops accept nahi kar raha hai.,agriculture,1
स्थानीय पार्क में कचरा और गंदगी फैली हुई है।,environment,4
Hamare area mein civic complaint submit karne ka clear process nahi hai.,public administration,6
किसानों को फसल बीमा का भुगतान समय पर नहीं मिल रहा है।,agriculture,1
Students are not receiving proper mid-day meals at the school.,education,2
Hamare area ka footpath wheelchair users ke liye accessible nahi hai.,accessibility,0
Hamare area mein supply hone wale water mein visible dirt hai.,water related,9
The pedestrian crossing does not have an accessible signal.,accessibility,0
The air quality has become very poor because of open waste burning.,environment,4
हमारे क्षेत्र का ट्रांसफॉर्मर ओवरलोड है और बार-बार ट्रिप करता है।,energy,3
पात्र छात्रों को छात्रवृत्ति की राशि अभी तक नहीं मिली है।,education,2
Main is problem se pareshan hoon kyunki hamare locality ki roads bahut damaged hain aur repair ki zarurat hai.,urban development,8
अस्पताल में मरीजों के लिए उचित कतार व्यवस्था नहीं है।,healthcare,5
Repeated complaints submitted to the department have not been addressed.,public administration,6
बाजार के पास कचरे के बहुत सारे ढेर लगे हुए हैं।,environment,4
पात्र छात्रों को छात्रवृत्ति की राशि अभी तक नहीं मिली है।,education,2
कीटों के हमले से फसल खराब हो रही है और समय पर सहायता नहीं मिल रही है।,agriculture,1
हमारे क्षेत्र में पेड़ों को काटा जा रहा है और उनकी जगह नए पेड़ नहीं लगाए जा रहे हैं।,environment,4
The local health centre does not have basic medical equipment.,healthcare,5
हमारे गांव के लोगों को समस्या हो रही है क्योंकि स्थानीय बाजार छोटे ग्रामीण उत्पादकों को पर्याप्त सहायता नहीं देता है।,rural livelihood,7
There are not enough teachers for the number of students in the school.,education,2
Rural workers are not getting timely assistance during periods of unemployment.,rural livelihood,7
The public water tank in our area is not being filled regularly.,water related,9
There is no proper sanitation facility for students.,education,2
Market ke paas bahut saare waste piles lage hue hain.,environment,4
Rural workers are not getting information about available government livelihood schemes.,rural livelihood,7
Residents in our area are facing a problem because the newly constructed road has developed cracks already.,urban development,8
The hospital premises are not cleaned regularly.,healthcare,5
बुजुर्गों और दिव्यांग पैदल यात्रियों के लिए उचित बुनियादी सुविधाएं नहीं हैं।,urban development,8
The concerned department has not resolved the issue despite repeated requests.,public administration,6
मैं इस समस्या से परेशान हूं क्योंकि मेरे क्षेत्र के सरकारी अस्पताल में पर्याप्त डॉक्टर नहीं हैं।,healthcare,5
Hospital premises ki regular cleaning nahi hoti hai.,healthcare,5
School mein teachers frequently absent rehte hain aur proper arrangement nahi hota.,education,2
I am facing an issue because garbage is not being collected from our street regularly.,environment,4
हमारे क्षेत्र का फुटपाथ व्हीलचेयर उपयोगकर्ताओं के लिए सुलभ नहीं है।,accessibility,0
Hospital mein patients ko bahut long waiting time face karna padta hai.,healthcare,5
Tap water se bad smell aa rahi hai aur ye drinking ke liye safe nahi hai.,water related,9
सरकारी वेबसाइट दृष्टिबाधित लोगों के लिए उपयोग करना बहुत कठिन है।,accessibility,0
Hospital mein proper queue management nahi hai.,healthcare,5
Teachers are frequently absent from the school without proper arrangement.,education,2
कृपया मेरी शिकायत दर्ज करें कि पीने के पानी की पाइपलाइन दूषित हो गई है।,water related,9
मुख्य सड़क पर पानी की पाइपलाइन में बड़ी लीकेज है।,water related,9
The school lacks basic science laboratory equipment.,education,2
Hospital laboratory time par reports provide nahi karti hai.,healthcare,5
सरकारी स्वास्थ्य केंद्र में दवाइयों की कमी है।,healthcare,5
Water is being wasted because of an unrepaired pipeline leak.,water related,9
The pedestrian crossing does not have an accessible signal.,accessibility,0
महत्वपूर्ण सरकारी सूचनाएं सार्वजनिक रूप से प्रदर्शित नहीं की जाती हैं।,public administration,6
There is a serious accessibility issue: the road has obstacles that make it difficult for wheelchair users to pass.,accessibility,0
The school has very limited computer facilities for students.,education,2
Hamare locality ki main road ke paas proper drainage nahi hai.,urban development,8
Hamare area ke residents ko problem ho rahi hai kyunki water supply timings irregular aur inconvenient hain.,water related,9
There are no audio announcements for visually impaired passengers.,accessibility,0
"रात में स्ट्रीट लाइटें बंद रहती हैं, जिससे सड़क असुरक्षित हो जाती है।",energy,3
Hamari street ke paas electricity transformer frequently fail ho raha hai.,energy,3
Public service centre mein proper token system nahi hai.,public administration,6
Hamare locality mein water pressure bahut low hai.,water related,9
There is no proper footpath for pedestrians on this road.,urban development,8
Pest attacks are damaging crops and there is no timely support.,agriculture,1
मैं शिकायत दर्ज करना चाहता हूं कि स्थानीय कृषि कार्यालय किसानों को उचित मार्गदर्शन नहीं दे रहा है।,agriculture,1
कचरा फेंकने वाली जगह से बहुत तेज बदबू आती है।,environment,4
हमारे क्षेत्र के खेल मैदान की तुरंत मरम्मत की जरूरत है।,urban development,8
"Agricultural fields ke around drainage system poor hai, jiski wajah se waterlogging hoti hai.",agriculture,1
The hospital does not have enough nurses to handle patients.,healthcare,5
There is a serious issue that there is no proper library facility available for students.,education,2
There is a serious agriculture-related issue: farmers in my area are not getting a reliable supply of irrigation water.,agriculture,1
हमारे क्षेत्र की मुख्य सड़क पर बड़े-बड़े गड्ढे हैं।,urban development,8
Hospital mein disabled people ke liye proper facilities nahi hain.,healthcare,5
I want to report that public buses do not provide proper wheelchair access.,accessibility,0
अस्पताल में दिव्यांग लोगों के लिए उचित सुविधाएं नहीं हैं।,healthcare,5
हमारे गांव में नहर से पानी की आपूर्ति अनियमित है।,agriculture,1
Exposed electrical wires residents ke liye safety risk create kar rahe hain.,energy,3
नगर निगम की पानी की आपूर्ति पर्याप्त नहीं होने के कारण लोगों को पानी खरीदना पड़ रहा है।,water related,9
Hamare area ka public park properly maintained nahi hai.,urban development,8
Please register my complaint that the water supply timings are irregular and inconvenient.,water related,9
पानी का टैंकर निर्धारित समय पर नहीं आता है।,water related,9
Ye ek serious energy-related issue hai: hamare locality mein frequent power cuts ho rahe hain.,energy,3
The electricity supply in our area is very unreliable.,energy,3
The damaged electrical cable near our house has not been replaced.,energy,3
हमारी गली के पास नगर निगम की पानी की पाइपलाइन लीक हो रही है।,water related,9
Hospital mein emergency services properly available nahi hain.,healthcare,5
स्कूल में शिक्षक अक्सर अनुपस्थित रहते हैं और कोई उचित व्यवस्था नहीं होती।,education,2
हमारे गांव के पास उचित कोल्ड स्टोरेज की सुविधा नहीं है।,agriculture,1
स्वास्थ्य केंद्र में मरीजों के लिए पर्याप्त बेड नहीं हैं।,healthcare,5
Hamare area ki public water tank regularly fill nahi hoti hai.,water related,9
Women in our village have limited opportunities to earn an income.,rural livelihood,7
Main road ka divider damaged hai aur unsafe hai.,urban development,8
मैं शिकायत दर्ज करना चाहता हूं कि संबंधित विभाग द्वारा आवेदन की स्थिति अपडेट नहीं की जा रही है।,public administration,6
Workers are not receiving their wages on time under the rural employment scheme.,rural livelihood,7
Please meri complaint register karein ki hamare area ki kai streetlights work nahi kar rahi hain.,energy,3
Hamare locality ka hand pump kharab hai aur repair nahi hua hai.,water related,9
The school does not have adequate desks and benches for students.,education,2
There is no proper system for collecting household hazardous waste.,environment,4
There is no proper infrastructure for elderly and disabled pedestrians.,urban development,8
There are not enough public water taps in our area.,water related,9
Hamare area mein garbage collection service regular nahi hai.,environment,4
There is a shortage of fertilizers at the local agricultural centre.,agriculture,1
हमारे क्षेत्र का सार्वजनिक पार्क ठीक से बनाए नहीं रखा जाता है।,urban development,8
यह एक गंभीर पर्यावरण संबंधी समस्या है: हमारे क्षेत्र में खुले में बहुत अधिक कचरा फेंका जा रहा है।,environment,4
Hamare area ke residents ko problem ho rahi hai kyunki hamare locality mein excessive garbage dumping ho rahi hai.,environment,4
Main road ka divider damaged hai aur unsafe hai.,urban development,8
Household hazardous waste collect karne ka proper system nahi hai.,environment,4
Government office mein proper queue management nahi hai.,public administration,6
स्कूल में छात्रों को उचित मध्याह्न भोजन नहीं मिल रहा है।,education,2
There is a serious public administration issue: the local administration has not responded to requests from residents.,public administration,6
अस्पताल में मरीजों की देखभाल के लिए पर्याप्त नर्सें नहीं हैं।,healthcare,5
"Log open mein garbage burn kar rahe hain, jiski wajah se air pollution ho raha hai.",environment,4
Local health centre mein basic medical equipment available nahi hai.,healthcare,5
किसानों को फसल बीमा का भुगतान समय पर नहीं मिल रहा है।,agriculture,1
Village ke young people ke liye affordable skill development available nahi hai.,rural livelihood,7
Please register my complaint that the drinking water pipeline is contaminated.,water related,9
Ye ek serious agriculture-related issue hai: small farmers ke liye fertilizer prices bahut high hain.,agriculture,1
Farmers ke liye agricultural machinery ki availability bahut kam hai.,agriculture,1
I am facing an issue because the electricity meter installation request has not been processed.,energy,3
पात्र छात्रों को छात्रवृत्ति की राशि अभी तक नहीं मिली है।,education,2
The local health centre does not have basic medical equipment.,healthcare,5
यह एक गंभीर कृषि संबंधी समस्या है: मेरे क्षेत्र के किसानों को सिंचाई के लिए नियमित पानी नहीं मिल रहा है।,agriculture,1
Local health centre mein basic medical equipment available nahi hai.,healthcare,5
Please meri complaint register karein ki mere area ke farmers ko irrigation ke liye regular water supply nahi mil rahi hai.,agriculture,1
हमारे क्षेत्र में रीसाइक्लिंग की उचित सुविधा उपलब्ध नहीं है।,environment,4
Rural employment scheme ke under workers ko wages time par nahi mil rahi hain.,rural livelihood,7
हमारे क्षेत्र में पानी की आपूर्ति बार-बार बाधित होती है।,water related,9
मैं शिकायत दर्ज करना चाहता हूं कि सार्वजनिक बसों में व्हीलचेयर के लिए उचित प्रवेश सुविधा नहीं है।,accessibility,0
पास की फैक्ट्रियों से निकलने वाला धुआं हमारे क्षेत्र में वायु प्रदूषण कर रहा है।,environment,4
The road near the market is too narrow and causes regular congestion.,urban development,8
ग्रामीण कारीगरों के लिए अपने उत्पाद बेचने के पर्याप्त अवसर नहीं हैं।,rural livelihood,7
The street infrastructure in our neighbourhood is poorly maintained.,urban development,8
Ek damaged electricity pole abhi tak repair nahi hua hai.,energy,3
The hospital does not have proper facilities for people with disabilities.,healthcare,5
The playground in our locality needs urgent repair.,urban development,8
School ke paas pedestrians ke liye proper crossing nahi hai.,urban development,8
Main complaint register karna chahta hoon ki mere area ke government hospital mein enough doctors nahi hain.,healthcare,5
Main complaint register karna chahta hoon ki newly constructed road par already cracks aa gaye hain.,urban development,8
छात्रों को उनकी कक्षाओं की पर्याप्त किताबें नहीं मिल रही हैं।,education,2
कीटों के हमले से फसल खराब हो रही है और समय पर सहायता नहीं मिल रही है।,agriculture,1
हमारे क्षेत्र में पर्याप्त सार्वजनिक नल नहीं हैं।,water related,9
The local administration has not addressed the shortage of livelihood opportunities in our village.,rural livelihood,7
यह एक गंभीर स्वास्थ्य संबंधी समस्या है: अस्पताल में जांच की सुविधा ठीक से काम नहीं कर रही है।,healthcare,5
Public works complete karne ke baad workers ko payment milne mein delay ho raha hai.,rural livelihood,7
स्कूल में शिक्षक अक्सर अनुपस्थित रहते हैं और कोई उचित व्यवस्था नहीं होती।,education,2
Please register my complaint that the local agriculture office is not providing proper guidance to farmers.,agriculture,1
The railway station does not have adequate accessibility facilities.,accessibility,0
नाली का पानी पीने के पानी की पाइपलाइन में मिल रहा है।,water related,9
मैं इस समस्या से परेशान हूं क्योंकि हमारे क्षेत्र में नियमित पानी की आपूर्ति नहीं होती है।,water related,9
Rural artisans ke liye apne products sell karne ke enough opportunities nahi hain.,rural livelihood,7
Hospital mein patients ko bahut long waiting time face karna padta hai.,healthcare,5
The public toilet does not have an accessible facility for disabled people.,accessibility,0
Visually impaired passengers ke liye audio announcements nahi hain.,accessibility,0
फसल खराब होने से प्रभावित किसानों को मुआवजा नहीं मिला है।,agriculture,1
Visually impaired pedestrians ke liye tactile path nahi hai.,accessibility,0
The public service counter is too high for wheelchair users.,accessibility,0
किसानों को सब्सिडी वाले बीज प्राप्त करने में परेशानी हो रही है।,agriculture,1
वोल्टेज में बार-बार उतार-चढ़ाव से घरेलू उपकरण खराब हो रहे हैं।,energy,3
Main is problem se pareshan hoon kyunki hamare locality mein regular water supply nahi hai.,water related,9
Farmers ko mandi mein crops ka fair price nahi mil raha hai.,agriculture,1
The toilets in the school are dirty and not maintained.,education,2
Farmers ko mandi mein crops ka fair price nahi mil raha hai.,agriculture,1
The school playground is damaged and cannot be used safely.,education,2
Please meri complaint register karein ki public buses mein proper wheelchair access available nahi hai.,accessibility,0
बाजार के पास की सड़क बहुत संकरी है और वहां नियमित जाम लगता है।,urban development,8
Hospital mein proper queue management nahi hai.,healthcare,5
Solar streetlights installed in our locality are not functioning.,energy,3
The education department has not resolved repeated complaints about the school.,education,2
मुख्य सड़क पर पानी की पाइपलाइन में बड़ी लीकेज है।,water related,9
कृपया मेरी शिकायत दर्ज करें कि हमारे क्षेत्र में खुले में बहुत अधिक कचरा फेंका जा रहा है।,environment,4
मैं इस समस्या से परेशान हूं क्योंकि हमारे क्षेत्र में सार्वजनिक बैठने की जगह खराब हो गई है।,urban development,8
ग्रामीण श्रमिकों को सरकारी आजीविका योजनाओं की जानकारी समय पर नहीं मिलती है।,rural livelihood,7
Main road ka divider damaged hai aur unsafe hai.,urban development,8
Bus stop par people with disabilities ke liye proper facilities nahi hain.,accessibility,0
Main is problem se pareshan hoon kyunki water supply timings irregular aur inconvenient hain.,water related,9
There is a serious accessibility issue: the public park does not have accessible paths for wheelchair users.,accessibility,0
Government service counter overcrowded hai aur management poor hai.,public administration,6
Open waste burning ki wajah se hamare area ki air quality bahut poor ho gayi hai.,environment,4
खुले में कचरा जलाने के कारण हमारे क्षेत्र की हवा बहुत खराब हो गई है।,environment,4
Repeated complaints submitted to the department have not been addressed.,public administration,6
People in our area are migrating because there are not enough local jobs.,rural livelihood,7
Rural employment scheme ke under workers ko wages time par nahi mil rahi hain.,rural livelihood,7
सड़क के किनारे निर्माण सामग्री का कचरा डाला गया है।,environment,4
There are no audio announcements for visually impaired passengers.,accessibility,0
I want to report that the hospital does not have clean drinking water for patients.,healthcare,5
Please register my complaint that the hospital does not have clean drinking water for patients.,healthcare,5
Frequent voltage fluctuations ki wajah se household appliances damage ho rahe hain.,energy,3
There is a loose electricity wire hanging near the road.,energy,3
There is a serious water-related issue: the community water tank is damaged and needs repair.,water related,9
Local civic facility mein adequate accessibility support available nahi hai.,accessibility,0
Please meri complaint register karein ki small farmers ke liye fertilizer prices bahut high hain.,agriculture,1
Please register my complaint that public buses do not provide proper wheelchair access.,accessibility,0
Hospital premises ki regular cleaning nahi hoti hai.,healthcare,5
Government health centre mein medicines ki shortage hai.,healthcare,5
हमारे क्षेत्र का ट्रांसफॉर्मर ओवरलोड है और बार-बार ट्रिप करता है।,energy,3
I want to report that the government office in our area does not provide services on time.,public administration,6
Ye ek serious problem hai ki students ke liye school mein proper library facility nahi hai.,education,2
The divider on the main road is damaged and unsafe.,urban development,8
सरकारी कार्यालय में सेवाओं का अपडेटेड समय प्रदर्शित नहीं किया गया है।,public administration,6
किसानों को फसल बीमा का भुगतान समय पर नहीं मिल रहा है।,agriculture,1
Women entrepreneurs in our village are not receiving proper institutional support.,rural livelihood,7
Drainage water drinking water pipeline mein mix ho raha hai.,water related,9
कृपया मेरी शिकायत दर्ज करें कि सार्वजनिक बसों में व्हीलचेयर के लिए उचित प्रवेश सुविधा नहीं है।,accessibility,0
Patients ko woh medicines bahar se buy karni padti hain jo hospital mein available honi chahiye.,healthcare,5
Please meri complaint register karein ki residents ko government services ke baare mein clear information nahi milti.,public administration,6
Public toilet mein disabled people ke liye proper accessible facility nahi hai.,accessibility,0
यह एक गंभीर सुलभता संबंधी समस्या है: सार्वजनिक पार्क में व्हीलचेयर उपयोगकर्ताओं के लिए सुलभ रास्ते नहीं हैं।,accessibility,0
स्कूल में छात्रों के लिए कंप्यूटर की सुविधा बहुत सीमित है।,education,2
नगर निगम की पानी की आपूर्ति पर्याप्त नहीं होने के कारण लोगों को पानी खरीदना पड़ रहा है।,water related,9
हमारे क्षेत्र के लोगों को समस्या हो रही है क्योंकि संबंधित विभाग द्वारा आवेदन की स्थिति अपडेट नहीं की जा रही है।,public administration,6
कृपया मेरी शिकायत दर्ज करें कि नई बनी सड़क पर पहले से ही दरारें पड़ गई हैं।,urban development,8
The air quality has become very poor because of open waste burning.,environment,4
Hamare locality ka footpath broken hai aur use karna difficult hai.,urban development,8
Please register my complaint that the electricity meter installation request has not been processed.,energy,3
कृपया मेरी शिकायत दर्ज करें कि सार्वजनिक पार्क में व्हीलचेयर उपयोगकर्ताओं के लिए सुलभ रास्ते नहीं हैं।,accessibility,0
The boundary wall of the school is damaged and creates a safety concern.,education,2
हमारे समुदाय में बिजली का कनेक्शन पर्याप्त नहीं है।,energy,3
Local park mein litter aur waste bahut zyada pada hua hai.,environment,4
Local self-help groups ko timely financial support nahi mil raha hai.,rural livelihood,7
सार्वजनिक सेवा काउंटर व्हीलचेयर उपयोगकर्ताओं के लिए बहुत ऊंचा है।,accessibility,0
Hamare village ke residents ko problem ho rahi hai kyunki hamare village mein small businesses ke liye proper facilities ki shortage hai.,rural livelihood,7
Crop damage se affected farmers ko compensation nahi mila hai.,agriculture,1
There is a serious energy-related issue: the electricity meter installation request has not been processed.,energy,3
हमारे क्षेत्र में आने वाले पानी में दिखाई देने वाली गंदगी है।,water related,9
The waiting area at the health centre is overcrowded.,healthcare,5
सरकारी कार्यालय में वरिष्ठ नागरिकों के लिए उचित सहायता उपलब्ध नहीं है।,public administration,6
स्थानीय रोजगार की कमी के कारण हमारे क्षेत्र के लोग पलायन कर रहे हैं।,rural livelihood,7
सरकारी रोजगार कार्यक्रम में पात्र श्रमिकों का सही तरीके से पंजीकरण नहीं हो रहा है।,rural livelihood,7
The garbage collection service is irregular in our area.,environment,4
Hamare area mein kai days se water supply nahi hui hai.,water related,9
I want to report that the community water tank is damaged and needs repair.,water related,9
Farmers are not receiving crop insurance payments on time.,agriculture,1
पात्र छात्रों को छात्रवृत्ति की राशि अभी तक नहीं मिली है।,education,2
The government employment programme is not registering eligible workers properly.,rural livelihood,7
Hamare area ka footpath wheelchair users ke liye accessible nahi hai.,accessibility,0
Pipeline leakage repair na hone ki wajah se water waste ho raha hai.,water related,9
Hamare area ke residents ko problem ho rahi hai kyunki community water tank damaged hai aur repair ki zarurat hai.,water related,9
The footpath is too uneven for elderly and disabled pedestrians.,accessibility,0
Repeated requests ke baad bhi concerned department ne issue resolve nahi kiya hai.,public administration,6
नगर निगम की पानी की आपूर्ति पर्याप्त नहीं होने के कारण लोगों को पानी खरीदना पड़ रहा है।,water related,9
The education department has not resolved repeated complaints about the school.,education,2
Public service counter wheelchair users ke liye bahut high hai.,accessibility,0
"रात में स्ट्रीट लाइटें बंद रहती हैं, जिससे सड़क असुरक्षित हो जाती है।",energy,3
The hospital premises are not cleaned regularly.,healthcare,5
The public office does not display updated service timings.,public administration,6
Please meri complaint register karein ki hamare village mein small businesses ke liye proper facilities ki shortage hai.,rural livelihood,7
The public service counter is too high for wheelchair users.,accessibility,0
खराब मौसम के दौरान बिजली की आपूर्ति अस्थिर हो जाती है।,energy,3
Hospital mein patients ko handle karne ke liye enough nurses nahi hain.,healthcare,5
Local pond garbage aur plastic ki wajah se polluted ho gaya hai.,environment,4
Please meri complaint register karein ki repeated complaints ke baad bhi power outage continue hai.,energy,3
सड़क के पास बिजली का ढीला तार लटक रहा है।,energy,3
There is a serious water-related issue: there is no regular water supply in our locality.,water related,9
हमारी गली के पास बिजली का ट्रांसफॉर्मर बार-बार खराब हो जाता है।,energy,3
Newly developed residential area mein basic civic infrastructure ki shortage hai.,urban development,8
बस स्टॉप पर दिव्यांग लोगों के लिए उचित सुविधाएं नहीं हैं।,accessibility,0
हमारे क्षेत्र में बिजली की आपूर्ति बहुत अनियमित है।,energy,3
I want to report that the government hospital in my area does not have enough doctors.,healthcare,5
Officials are delaying the verification of submitted documents.,public administration,6
Residents in our area are facing a problem because there is excessive dust pollution because of construction work.,environment,4
Hospital premises ki regular cleaning nahi hoti hai.,healthcare,5
पास की फैक्ट्रियों से निकलने वाला धुआं हमारे क्षेत्र में वायु प्रदूषण कर रहा है।,environment,4
School ka playground damaged hai aur safely use nahi ho sakta.,education,2
स्थानीय स्वास्थ्य केंद्र निर्धारित समय में खुला नहीं रहता है।,healthcare,5
मैं शिकायत दर्ज करना चाहता हूं कि हमारे क्षेत्र में खुले में बहुत अधिक कचरा फेंका जा रहा है।,environment,4
नाली का पानी पीने के पानी की पाइपलाइन में मिल रहा है।,water related,9
There is a shortage of medicines at the government health centre.,healthcare,5
The emergency services at the hospital are not available properly.,healthcare,5
स्थानीय कृषि केंद्र में खाद की कमी है।,agriculture,1
Public service counter wheelchair users ke liye bahut high hai.,accessibility,0
Hamare village ke farm workers ko enough seasonal employment nahi milta.,rural livelihood,7
हमारे क्षेत्र में नागरिक शिकायत दर्ज करने की स्पष्ट प्रक्रिया नहीं है।,public administration,6
Main is problem se pareshan hoon kyunki electricity meter installation request abhi tak process nahi hui hai.,energy,3
कृपया मेरी शिकायत दर्ज करें कि हमारे क्षेत्र की कई स्ट्रीट लाइटें काम नहीं कर रही हैं।,energy,3
सरकारी खरीद केंद्र नियमित रूप से किसानों की फसल नहीं खरीद रहा है।,agriculture,1
स्थानीय तालाब कचरे और प्लास्टिक से प्रदूषित हो गया है।,environment,4
Farmers ko crop procurement ke liye bahut long wait karna padta hai.,agriculture,1
The pedestrian crossing does not have an accessible signal.,accessibility,0
There is no proper infrastructure for elderly and disabled pedestrians.,urban development,8
Unemployment ke time rural workers ko timely assistance nahi milti.,rural livelihood,7
School mein students ke liye computer facility bahut limited hai.,education,2
The hospital does not have proper facilities for people with disabilities.,healthcare,5
Students are not receiving proper mid-day meals at the school.,education,2
Hospital mein patients ko handle karne ke liye enough nurses nahi hain.,healthcare,5
Hamare area ka footpath wheelchair users ke liye accessible nahi hai.,accessibility,0
"खेतों के आसपास जल निकासी की व्यवस्था खराब है, जिससे जलभराव होता है।",agriculture,1
The footpath in our locality is broken and difficult to use.,urban development,8
I want to report that there is excessive dust pollution because of construction work.,environment,4
Rural workers are not getting information about available government livelihood schemes.,rural livelihood,7
स्थानीय नागरिक सुविधा में पर्याप्त सुलभता सहायता उपलब्ध नहीं है।,accessibility,0
मैं शिकायत दर्ज करना चाहता हूं कि नए विकसित क्षेत्र में उचित सार्वजनिक सुविधाएं उपलब्ध नहीं हैं।,urban development,8
Solar streetlights installed in our locality are not functioning.,energy,3
Local government employment scheme mein regularly work nahi milta hai.,rural livelihood,7
Important government notices publicly display nahi kiye ja rahe hain.,public administration,6
Public building mein stairs use na kar sakne wale logon ke liye lift nahi hai.,accessibility,0
The emergency services at the hospital are not available properly.,healthcare,5
School mein students ko proper mid-day meal nahi mil raha hai.,education,2
Hospital mein patients ko bahut long waiting time face karna padta hai.,healthcare,5
हमारे मोहल्ले में बिजली का वोल्टेज बहुत कम रहता है।,energy,3
बेरोजगारी के समय ग्रामीण श्रमिकों को समय पर सहायता नहीं मिलती है।,rural livelihood,7
महत्वपूर्ण सरकारी सूचनाएं सार्वजनिक रूप से प्रदर्शित नहीं की जाती हैं।,public administration,6
स्कूल में छात्रों को उचित मध्याह्न भोजन नहीं मिल रहा है।,education,2
Main complaint register karna chahta hoon ki hamare locality mein frequent power cuts ho rahe hain.,energy,3
यह एक गंभीर कृषि संबंधी समस्या है: स्थानीय कृषि कार्यालय किसानों को उचित मार्गदर्शन नहीं दे रहा है।,agriculture,1
Road ke paas ek loose electricity wire latak raha hai.,energy,3
Hamare locality mein water pressure bahut low hai.,water related,9
सरकारी क्लिनिक में डॉक्टरों के आने का समय नियमित नहीं है।,healthcare,5
Residents in our area are facing a problem because the application status is not being updated by the concerned department.,public administration,6
Hamare house ke paas damaged electrical cable abhi tak replace nahi hui.,energy,3
The village irrigation pump is damaged and has not been repaired.,agriculture,1
यह एक गंभीर समस्या है कि छात्रों के लिए स्कूल में उचित पुस्तकालय की सुविधा नहीं है।,education,2
Government employment programme mein eligible workers ka proper registration nahi ho raha.,rural livelihood,7
किसानों को सरकारी कृषि योजनाओं की जानकारी समय पर नहीं मिलती है।,agriculture,1
फसल खराब होने से प्रभावित किसानों को मुआवजा नहीं मिला है।,agriculture,1
Local government employment scheme mein regularly work nahi milta hai.,rural livelihood,7
अस्पताल परिसर की नियमित रूप से सफाई नहीं होती है।,healthcare,5
The health centre does not have adequate facilities for elderly patients.,healthcare,5
There is no proper cold storage facility near our village.,agriculture,1
हमारे क्षेत्र की सार्वजनिक सुविधा में बिजली की विश्वसनीय आपूर्ति नहीं है।,energy,3
"स्कूल की चारदीवारी टूटी हुई है, जिससे सुरक्षा की समस्या बनी हुई है।",education,2
"फुटपाथ बहुत असमान है, जिससे बुजुर्गों और दिव्यांग लोगों को चलने में परेशानी होती है।",accessibility,0
किसानों को फसल की सरकारी खरीद के लिए बहुत देर तक इंतजार करना पड़ता है।,agriculture,1
Public toilet mein disabled people ke liye proper accessible facility nahi hai.,accessibility,0
Public office mein senior citizens ke liye proper assistance available nahi hai.,public administration,6
हमारे क्षेत्र के लोगों को समस्या हो रही है क्योंकि लोगों को सरकारी सेवाओं के बारे में स्पष्ट जानकारी नहीं मिलती है।,public administration,6
Public road ke paas proper street lighting nahi hai.,energy,3
The hospital premises are not cleaned regularly.,healthcare,5
मुख्य सड़क का डिवाइडर टूट गया है और असुरक्षित है।,urban development,8
There is no proper footpath for pedestrians on this road.,urban development,8
Farmers in our area are facing a problem because the road connecting our farms to the main market is badly damaged.,agriculture,1
Hamare locality ka footpath broken hai aur use karna difficult hai.,urban development,8
I want to report that the water supply timings are irregular and inconvenient.,water related,9
एक ही सेवा के लिए नागरिकों को सरकारी कार्यालय के कई चक्कर लगाने पड़ते हैं।,public administration,6
Visually impaired pedestrians ke liye tactile path nahi hai.,accessibility,0
The local government employment scheme does not provide work regularly.,rural livelihood,7
There is no proper sanitation facility for students.,education,2
Main complaint karna chahta hoon ki school mein students ke liye clean drinking water available nahi hai.,education,2
Farmers ko government agriculture schemes ki information time par nahi milti.,agriculture,1
Hamare area mein enough public water taps nahi hain.,water related,9
Ye ek serious environmental issue hai: hamare locality mein excessive garbage dumping ho rahi hai.,environment,4
Public office mein senior citizens ke liye proper assistance available nahi hai.,public administration,6
Local mandi mein farmers ke liye proper facilities nahi hain.,agriculture,1
Government office mein proper queue management nahi hai.,public administration,6
Please register my complaint that the electricity outage continues despite repeated complaints.,energy,3
Please register my complaint that the public seating area in our locality is damaged.,urban development,8
The local self-help groups are not receiving timely financial support.,rural livelihood,7
Hamare village ke residents ko problem ho rahi hai kyunki local market small rural producers ko adequate support nahi deta hai.,rural livelihood,7
Workers are facing delays in receiving payments for completed public works.,rural livelihood,7
शिक्षा विभाग ने स्कूल से जुड़ी बार-बार की शिकायतों का समाधान नहीं किया है।,education,2
Garbage dumping area se bahut strong foul smell aa rahi hai.,environment,4
Hamare village ke paas proper cold storage facility nahi hai.,agriculture,1
मैं इस समस्या से परेशान हूं क्योंकि छोटे किसानों के लिए खाद की कीमतें बहुत अधिक हैं।,agriculture,1
स्कूल के पास पैदल यात्रियों के लिए उचित क्रॉसिंग नहीं है।,urban development,8
Please register my complaint that there is excessive dust pollution because of construction work.,environment,4
सार्वजनिक शौचालय में दिव्यांग लोगों के लिए उचित सुविधा नहीं है।,accessibility,0
Hospital mein patients ko handle karne ke liye enough nurses nahi hain.,healthcare,5
मैं इस समस्या से परेशान हूं क्योंकि छोटे ग्रामीण व्यवसायों को पर्याप्त सरकारी सहायता नहीं मिल रही है।,rural livelihood,7
Government office mein submit kiya gaya application abhi tak process nahi hua hai.,public administration,6
The municipal water pipeline is leaking near our street.,water related,9
Construction waste has been dumped on the roadside.,environment,4
Important government notices publicly display nahi kiye ja rahe hain.,public administration,6
Ye ek serious environmental issue hai: hamare locality mein excessive garbage dumping ho rahi hai.,environment,4
Market ke paas bahut saare waste piles lage hue hain.,environment,4
Drainage water drinking water pipeline mein mix ho raha hai.,water related,9
Local mandi mein farmers ke liye proper facilities nahi hain.,agriculture,1
Please complaint register karein ki mere area ke government school mein proper classroom facility nahi hai.,education,2
Students ko unki classes ki enough textbooks nahi mil rahi hain.,education,2
स्कूल के शौचालय गंदे हैं और उनकी सफाई नहीं होती।,education,2
Ye ek serious accessibility issue hai: public park mein wheelchair users ke liye accessible paths nahi hain.,accessibility,0
Municipal pipeline se residents ko dirty water mil raha hai.,water related,9
Ye ek serious urban development issue hai: hamare locality ki roads bahut damaged hain aur repair ki zarurat hai.,urban development,8
छात्रों को उनकी कक्षाओं की पर्याप्त किताबें नहीं मिल रही हैं।,education,2
हमारे क्षेत्र में पानी का दबाव बहुत कम है।,water related,9
Hamare house ke paas damaged electrical cable abhi tak replace nahi hui.,energy,3
The power supply becomes unstable whenever there is bad weather.,energy,3
The footpath in our area is not accessible for wheelchair users.,accessibility,0
The air quality has become very poor because of open waste burning.,environment,4
The government website is difficult for people with visual disabilities to use.,accessibility,0
I want to report that the government hospital in my area does not have enough doctors.,healthcare,5
The emergency services at the hospital are not available properly.,healthcare,5
The municipal water pipeline is leaking near our street.,water related,9
"Raat mein streetlights off rehti hain, jiski wajah se road unsafe hai.",energy,3
Government clinic mein doctor timings regular nahi hain.,healthcare,5
I am facing an issue because the fertilizer prices are too high for small farmers.,agriculture,1
The hospital does not have proper facilities for people with disabilities.,healthcare,5
कृपया मेरी शिकायत दर्ज करें कि अस्पताल में जांच की सुविधा ठीक से काम नहीं कर रही है।,healthcare,5
अस्पताल परिसर की नियमित रूप से सफाई नहीं होती है।,healthcare,5
The water supplied to our locality contains visible dirt.,water related,9
Please register my complaint that the public park does not have accessible paths for wheelchair users.,accessibility,0
Officials at the public office are frequently unavailable during working hours.,public administration,6
Hamare area mein garbage collection service regular nahi hai.,environment,4
Tap water se bad smell aa rahi hai aur ye drinking ke liye safe nahi hai.,water related,9
ग्रामीण रोजगार योजना के तहत मजदूरों को समय पर मजदूरी नहीं मिल रही है।,rural livelihood,7
The hospital laboratory does not provide reports on time.,healthcare,5
The municipal water pipeline is leaking near our street.,water related,9
The government employment programme is not registering eligible workers properly.,rural livelihood,7
किसानों को सब्सिडी वाले बीज प्राप्त करने में परेशानी हो रही है।,agriculture,1
Hamare area mein electricity supply bahut unreliable hai.,energy,3
Hamare area ke residents ko problem ho rahi hai kyunki local water body mein sewage aur waste discharge kiya ja raha hai.,environment,4
Repeated complaints submitted to the department have not been addressed.,public administration,6
I am facing an issue because the application status is not being updated by the concerned department.,public administration,6
I am facing an issue because the road has obstacles that make it difficult for wheelchair users to pass.,accessibility,0
Rainwater accumulates on the roads because of poor drainage.,urban development,8
हमारे क्षेत्र में पेड़ों को काटा जा रहा है और उनकी जगह नए पेड़ नहीं लगाए जा रहे हैं।,environment,4
There is poor drainage along the main road in our locality.,urban development,8
Hamare area mein enough public water taps nahi hain.,water related,9
The power supply becomes unstable whenever there is bad weather.,energy,3
रेलवे स्टेशन पर पर्याप्त सुलभता सुविधाएं नहीं हैं।,accessibility,0
Public office ke officials working hours mein frequently available nahi hote.,public administration,6
फसल खराब होने से प्रभावित किसानों को मुआवजा नहीं मिला है।,agriculture,1
Please register my complaint that the government hospital in my area does not have enough doctors.,healthcare,5
सरकारी कार्यालय के अधिकारी काम के समय अक्सर उपलब्ध नहीं रहते हैं।,public administration,6
The footpath in our locality is broken and difficult to use.,urban development,8
Rural workers are not getting information about available government livelihood schemes.,rural livelihood,7
Local jobs ki shortage ki wajah se hamare area ke log migrate kar rahe hain.,rural livelihood,7
Eligible students ko scholarship ka payment abhi tak receive nahi hua hai.,education,2
Elderly aur disabled pedestrians ke liye proper infrastructure nahi hai.,urban development,8
हमारे क्षेत्र में बिजली की आपूर्ति बहुत अनियमित है।,energy,3
सड़क चौड़ीकरण के काम से स्थानीय लोगों को अनावश्यक परेशानी हो रही है।,urban development,8
स्वास्थ्य केंद्र का प्रतीक्षालय बहुत अधिक भीड़भाड़ वाला है।,healthcare,5
The local mandi does not offer proper facilities for farmers.,agriculture,1
There are no proper recycling facilities in our locality.,environment,4
हमारे क्षेत्र में कचरे को अलग करने की उचित व्यवस्था नहीं है।,environment,4
Hamare area ke public dustbins garbage se overflow ho rahe hain.,environment,4
The boundary wall of the school is damaged and creates a safety concern.,education,2
The tap water has a bad smell and is not safe to drink.,water related,9
यह एक गंभीर पर्यावरण संबंधी समस्या है: हमारे क्षेत्र में खुले में बहुत अधिक कचरा फेंका जा रहा है।,environment,4
Patients ko woh medicines bahar se buy karni padti hain jo hospital mein available honi chahiye.,healthcare,5
The toilets in the school are dirty and not maintained.,education,2
The public toilet does not have an accessible facility for disabled people.,accessibility,0
सार्वजनिक सेवा काउंटर व्हीलचेयर उपयोगकर्ताओं के लिए बहुत ऊंचा है।,accessibility,0
Hamare village ki women entrepreneurs ko proper institutional support nahi mil raha hai.,rural livelihood,7
Municipal water supply inadequate hone ki wajah se residents ko water buy karna pad raha hai.,water related,9
The hospital laboratory does not provide reports on time.,healthcare,5
अस्पताल में मरीजों की देखभाल के लिए पर्याप्त नर्सें नहीं हैं।,healthcare,5
रिहायशी इमारतों के पास खुले में कचरा डाला जा रहा है।,environment,4
सरकारी अस्पताल के शौचालय गंदे हैं और उनकी उचित सफाई नहीं होती।,healthcare,5
Exposed electrical wires are creating a safety risk for residents.,energy,3
स्थानीय लोग परेशान हैं क्योंकि कक्षाएं बहुत अधिक भीड़ वाले कमरों में चल रही हैं।,education,2
यह एक गंभीर कृषि संबंधी समस्या है: हमारे खेतों को मुख्य बाजार से जोड़ने वाली सड़क बहुत खराब है।,agriculture,1
कृषि के लिए बिजली की आपूर्ति बार-बार बाधित होती है।,agriculture,1
सरकारी कार्यालय में उचित कतार व्यवस्था नहीं है।,public administration,6
ग्रामीण युवाओं के लिए पास में कोई व्यावसायिक प्रशिक्षण केंद्र नहीं है।,rural livelihood,7
The school building is in poor condition and needs urgent repair.,education,2
नाली का पानी पीने के पानी की पाइपलाइन में मिल रहा है।,water related,9
अधिकारी जमा किए गए दस्तावेजों के सत्यापन में देरी कर रहे हैं।,public administration,6
Roadside par construction waste dump kiya gaya hai.,environment,4
सड़क निर्माण का काम कई महीनों से अधूरा पड़ा है।,urban development,8
बेरोजगारी के समय ग्रामीण श्रमिकों को समय पर सहायता नहीं मिलती है।,rural livelihood,7
School mein students ko proper mid-day meal nahi mil raha hai.,education,2
नगर निगम की पाइपलाइन से गंदा पानी आ रहा है।,water related,9
The health centre does not have enough beds for patients.,healthcare,5
School ke paas pedestrians ke liye proper crossing nahi hai.,urban development,8
मैं शिकायत दर्ज करना चाहता हूं कि संबंधित विभाग द्वारा आवेदन की स्थिति अपडेट नहीं की जा रही है।,public administration,6
The public dustbins in our area are overflowing.,environment,4
किसानों को मंडी में अपनी फसलों का उचित मूल्य नहीं मिल रहा है।,agriculture,1
सरकारी वेबसाइट दृष्टिबाधित लोगों के लिए उपयोग करना बहुत कठिन है।,accessibility,0
हमारे क्षेत्र में रीसाइक्लिंग की उचित सुविधा उपलब्ध नहीं है।,environment,4
Residents are facing a problem because the diagnostic testing facility is not working properly.,healthcare,5
मैं इस समस्या से परेशान हूं क्योंकि हमारे क्षेत्र का सरकारी कार्यालय समय पर सेवाएं उपलब्ध नहीं कराता है।,public administration,6
Market ke paas bahut saare waste piles lage hue hain.,environment,4
स्थानीय सरकारी रोजगार योजना के तहत नियमित रूप से काम नहीं मिलता है।,rural livelihood,7
The public toilet does not have an accessible facility for disabled people.,accessibility,0
Nearby factories ka smoke hamare locality mein air pollution cause kar raha hai.,environment,4
Hamare village ke residents ko problem ho rahi hai kyunki hamare village mein logon ke liye enough employment opportunities nahi hain.,rural livelihood,7
अधिकारी जमा किए गए दस्तावेजों के सत्यापन में देरी कर रहे हैं।,public administration,6
There are frequent voltage fluctuations damaging household appliances.,energy,3
Main road ka divider damaged hai aur unsafe hai.,urban development,8
There is no clear process for submitting civic complaints in our area.,public administration,6
कृपया मेरी शिकायत दर्ज करें कि हमारी गली से नियमित रूप से कचरा नहीं उठाया जाता है।,environment,4
Government clinic mein doctor timings regular nahi hain.,healthcare,5
I am facing an issue because the public seating area in our locality is damaged.,urban development,8
Hamari street ke paas electricity transformer frequently fail ho raha hai.,energy,3
अस्पताल में मरीजों को बहुत लंबे समय तक इंतजार करना पड़ता है।,healthcare,5
Government website visually disabled people ke liye use karna difficult hai.,accessibility,0
The footpath in our area is not accessible for wheelchair users.,accessibility,0
Residents in our area are facing a problem because the public seating area in our locality is damaged.,urban development,8
There are frequent voltage fluctuations damaging household appliances.,energy,3
There is no tactile path for visually impaired pedestrians.,accessibility,0
अस्पताल में आपातकालीन सेवाएं ठीक से उपलब्ध नहीं हैं।,healthcare,5
There is no proper system for collecting household hazardous waste.,environment,4
हमारे घर के पास खराब बिजली की केबल अभी तक नहीं बदली गई है।,energy,3
स्थानीय स्वास्थ्य केंद्र में बुनियादी चिकित्सा उपकरण नहीं हैं।,healthcare,5
The local government employment scheme does not provide work regularly.,rural livelihood,7
Main is problem se pareshan hoon kyunki small farmers ke liye fertilizer prices bahut high hain.,agriculture,1
There are no proper recycling facilities in our locality.,environment,4
There are large potholes on the main road in our area.,urban development,8
कृपया मेरी शिकायत दर्ज करें कि सार्वजनिक बसों में व्हीलचेयर के लिए उचित प्रवेश सुविधा नहीं है।,accessibility,0
The electricity transformer near our street is frequently failing.,energy,3
Local mandi mein farmers ke liye proper facilities nahi hain.,agriculture,1
I want to report that there are frequent power cuts in our locality.,energy,3
Please meri complaint register karein ki public buses mein proper wheelchair access available nahi hai.,accessibility,0
School ka playground damaged hai aur safely use nahi ho sakta.,education,2
Ye ek serious accessibility issue hai: road par obstacles hain jiski wajah se wheelchair users ko pass hone mein problem hoti hai.,accessibility,0
सरकारी कार्यालय में दिव्यांग लोगों के लिए सुलभ प्रवेश द्वार नहीं है।,accessibility,0
Road ke paas ek loose electricity wire latak raha hai.,energy,3
Residents in our area are facing a problem because the government office in our area does not provide services on time.,public administration,6
Hamare area mein water supply frequently interrupt hoti hai.,water related,9
हमारे गांव के पास उचित कोल्ड स्टोरेज की सुविधा नहीं है।,agriculture,1
खड़ी की गई गाड़ियां सुलभ फुटपाथ को रोक रही हैं।,accessibility,0
Farmers ko subsidized seeds lene mein problem ho rahi hai.,agriculture,1
School ke toilets bahut dirty hain aur unki maintenance nahi hoti.,education,2
Rural youth ke liye nearby vocational training centre available nahi hai.,rural livelihood,7
The hospital has very long waiting times for patients.,healthcare,5
हमारे क्षेत्र में कचरा संग्रहण की सेवा नियमित नहीं है।,environment,4
The health centre does not have adequate facilities for elderly patients.,healthcare,5
Hospital mein emergency services properly available nahi hain.,healthcare,5
अस्पताल की लैब समय पर जांच रिपोर्ट उपलब्ध नहीं कराती है।,healthcare,5
Eligible students ko scholarship ka payment abhi tak receive nahi hua hai.,education,2
The power supply becomes unstable whenever there is bad weather.,energy,3
Hamare area ka public park properly maintained nahi hai.,urban development,8
सार्वजनिक कार्य पूरा करने के बाद मजदूरों को भुगतान मिलने में देरी हो रही है।,rural livelihood,7
मैं शिकायत दर्ज करना चाहता हूं कि अस्पताल में जांच की सुविधा ठीक से काम नहीं कर रही है।,healthcare,5
हमारे क्षेत्र के लोगों को समस्या हो रही है क्योंकि सामुदायिक पानी की टंकी खराब है और उसकी मरम्मत की जरूरत है।,water related,9
The school does not provide adequate facilities for students with disabilities.,education,2
I want to report that the newly constructed road has developed cracks already.,urban development,8
Students ko unki classes ki enough textbooks nahi mil rahi hain.,education,2
इस सड़क पर पैदल चलने वालों के लिए उचित फुटपाथ नहीं है।,urban development,8
The water supplied to our locality contains visible dirt.,water related,9
Farmers ke liye agricultural machinery ki availability bahut kam hai.,agriculture,1
Government clinic mein doctor timings regular nahi hain.,healthcare,5
हमारे क्षेत्र के लोगों को समस्या हो रही है क्योंकि हमारे क्षेत्र में बार-बार बिजली कटौती होती है।,energy,3
Main complaint register karna chahta hoon ki residents ko government services ke baare mein clear information nahi milti.,public administration,6
सार्वजनिक शौचालय में दिव्यांग लोगों के लिए उचित सुविधा नहीं है।,accessibility,0
Citizens have to visit the government office multiple times for the same service.,public administration,6
पानी का टैंकर निर्धारित समय पर नहीं आता है।,water related,9
स्थानीय सरकारी रोजगार योजना के तहत नियमित रूप से काम नहीं मिलता है।,rural livelihood,7
सरकारी कार्यालय में सेवाओं का अपडेटेड समय प्रदर्शित नहीं किया गया है।,public administration,6
नल के पानी से बदबू आती है और यह पीने के लिए सुरक्षित नहीं है।,water related,9
खराब जल निकासी के कारण बारिश का पानी सड़कों पर जमा हो जाता है।,urban development,8
The hospital premises are not cleaned regularly.,healthcare,5
I am facing an issue because the hospital does not have clean drinking water for patients.,healthcare,5
Main is problem se pareshan hoon kyunki public park mein wheelchair users ke liye accessible paths nahi hain.,accessibility,0
The transformer in our area is overloaded and frequently trips.,energy,3
Smoke from nearby factories is causing air pollution in our locality.,environment,4
Municipal pipeline se residents ko dirty water mil raha hai.,water related,9
सरकारी कार्यालय में वरिष्ठ नागरिकों के लिए उचित सहायता उपलब्ध नहीं है।,public administration,6
The stairs in the public building do not have a proper handrail.,accessibility,0
रेलवे स्टेशन पर पर्याप्त सुलभता सुविधाएं नहीं हैं।,accessibility,0
हमारे क्षेत्र का ट्रांसफॉर्मर ओवरलोड है और बार-बार ट्रिप करता है।,energy,3
सड़क निर्माण का काम कई महीनों से अधूरा पड़ा है।,urban development,8
Village ke young people ke liye affordable skill development available nahi hai.,rural livelihood,7
Our locality has been without water for several days.,water related,9
हमारे गांव की महिला उद्यमियों को उचित संस्थागत सहायता नहीं मिल रही है।,rural livelihood,7
Residents in our village are facing a problem because the village lacks proper facilities for small-scale local businesses.,rural livelihood,7
Workers are not receiving their wages on time under the rural employment scheme.,rural livelihood,7
"Log open mein garbage burn kar rahe hain, jiski wajah se air pollution ho raha hai.",environment,4
"Agricultural fields ke around drainage system poor hai, jiski wajah se waterlogging hoti hai.",agriculture,1
Hamare locality ka footpath broken hai aur use karna difficult hai.,urban development,8
Rural artisans ke liye apne products sell karne ke enough opportunities nahi hain.,rural livelihood,7
"लोग खुले में कचरा जला रहे हैं, जिससे वायु प्रदूषण हो रहा है।",environment,4
Hospital mein proper queue management nahi hai.,healthcare,5
There is very low water pressure in our locality.,water related,9
स्थानीय लोग परेशान हैं क्योंकि कक्षाएं बहुत अधिक भीड़ वाले कमरों में चल रही हैं।,education,2
Road ke paas ek loose electricity wire latak raha hai.,energy,3
हमारे गांव की महिलाओं के लिए आय अर्जित करने के अवसर सीमित हैं।,rural livelihood,7
The road construction work has been left incomplete for months.,urban development,8
स्कूल में छात्रों को उचित मध्याह्न भोजन नहीं मिल रहा है।,education,2
Farmers are not receiving crop insurance payments on time.,agriculture,1
Pest attacks are damaging crops and there is no timely support.,agriculture,1
Household hazardous waste collect karne ka proper system nahi hai.,environment,4
खड़ी की गई गाड़ियां सुलभ फुटपाथ को रोक रही हैं।,accessibility,0
The local mandi does not offer proper facilities for farmers.,agriculture,1
हमारे क्षेत्र का फुटपाथ टूटा हुआ है और चलने में परेशानी होती है।,urban development,8
There are no nearby vocational training centres for rural youth.,rural livelihood,7
The road expansion work has caused unnecessary obstruction for residents.,urban development,8
"फुटपाथ बहुत असमान है, जिससे बुजुर्गों और दिव्यांग लोगों को चलने में परेशानी होती है।",accessibility,0
The public park in our area is poorly maintained.,urban development,8
स्थानीय मंडी में किसानों के लिए उचित सुविधाएं नहीं हैं।,agriculture,1
अस्पताल की लैब समय पर जांच रिपोर्ट उपलब्ध नहीं कराती है।,healthcare,5
The school lacks basic science laboratory equipment.,education,2
Students ki sankhya ke hisaab se school mein enough teachers nahi hain.,education,2
The electricity supply in our area is very unreliable.,energy,3
There is no proper infrastructure for elderly and disabled pedestrians.,urban development,8
Ye ek serious agriculture-related issue hai: local agriculture office farmers ko proper guidance nahi de raha hai.,agriculture,1
सार्वजनिक भवन की सीढ़ियों पर उचित हैंडरेल नहीं है।,accessibility,0
अधिकारी जमा किए गए दस्तावेजों के सत्यापन में देरी कर रहे हैं।,public administration,6
There are frequent voltage fluctuations damaging household appliances.,energy,3
Local students ko problem ho rahi hai kyunki classes bahut overcrowded rooms mein conduct ho rahi hain.,education,2
Crop damage se affected farmers ko compensation nahi mila hai.,agriculture,1
Hamare locality ke playground ko urgent repair ki zarurat hai.,urban development,8
सरकारी सेवा काउंटर पर बहुत भीड़ रहती है और व्यवस्था खराब है।,public administration,6
Pest attacks ki wajah se crops damage ho rahi hain aur timely support nahi mil raha.,agriculture,1
There is a major water leakage on the main road.,water related,9
The village does not have proper skill training opportunities for young people.,rural livelihood,7
The school does not provide adequate facilities for students with disabilities.,education,2
There is no lift in the public building for people who cannot use stairs.,accessibility,0
अस्पताल में मरीजों की देखभाल के लिए पर्याप्त नर्सें नहीं हैं।,healthcare,5
Hamare area mein civic complaint submit karne ka clear process nahi hai.,public administration,6
Hamare village ke residents ko problem ho rahi hai kyunki hamare village mein small businesses ke liye proper facilities ki shortage hai.,rural livelihood,7
Roadside par construction waste dump kiya gaya hai.,environment,4
स्थानीय सरकारी कार्यालय में उचित शिकायत निवारण डेस्क नहीं है।,public administration,6
There is no tactile path for visually impaired pedestrians.,accessibility,0
Railway station par adequate accessibility facilities nahi hain.,accessibility,0
Hamare neighbourhood ki street infrastructure properly maintained nahi hai.,urban development,8
There is a serious agriculture-related issue: the fertilizer prices are too high for small farmers.,agriculture,1
Hamare area mein trees cut kiye ja rahe hain aur replacement mein naye trees nahi lagaye ja rahe.,environment,4
गांव के युवाओं के लिए सस्ती कौशल विकास सुविधाएं उपलब्ध नहीं हैं।,rural livelihood,7
स्थानीय नागरिक सुविधा में पर्याप्त सुलभता सहायता उपलब्ध नहीं है।,accessibility,0
Please register my complaint that there are frequent power cuts in our locality.,energy,3
अस्पताल में दिव्यांग लोगों के लिए उचित सुविधाएं नहीं हैं।,healthcare,5
There is no proper token system at the public service centre.,public administration,6
The newly developed residential area lacks basic civic infrastructure.,urban development,8
सार्वजनिक भवन की सीढ़ियों पर उचित हैंडरेल नहीं है।,accessibility,0
Local administration ne hamare village mein livelihood opportunities ki shortage solve nahi ki hai.,rural livelihood,7
मैं शिकायत दर्ज करना चाहता हूं कि सार्वजनिक बसों में व्हीलचेयर के लिए उचित प्रवेश सुविधा नहीं है।,accessibility,0
School ki building bahut kharab condition mein hai aur repair ki zarurat hai.,education,2
स्थानीय स्वास्थ्य केंद्र में बुनियादी चिकित्सा उपकरण नहीं हैं।,healthcare,5
यह एक गंभीर ग्रामीण आजीविका संबंधी समस्या है: छोटे ग्रामीण व्यवसायों को पर्याप्त सरकारी सहायता नहीं मिल रही है।,rural livelihood,7
There is a serious public administration issue: residents are not receiving clear information about government services.,public administration,6
Village ka irrigation pump damaged hai aur abhi tak repair nahi hua.,agriculture,1
Hamare community ka electricity connection adequate nahi hai.,energy,3
Health centre mein elderly patients ke liye adequate facilities nahi hain.,healthcare,5
मुख्य सड़क पर पानी की पाइपलाइन में बड़ी लीकेज है।,water related,9
सरकारी वेबसाइट दृष्टिबाधित लोगों के लिए उपयोग करना बहुत कठिन है।,accessibility,0
हमारे क्षेत्र में आने वाले पानी में दिखाई देने वाली गंदगी है।,water related,9
Public toilet mein disabled people ke liye proper accessible facility nahi hai.,accessibility,0
The local civic facility does not provide adequate accessibility support.,accessibility,0
नगर निगम की पाइपलाइन से गंदा पानी आ रहा है।,water related,9
There is a serious rural livelihood issue: the local market does not provide adequate support to small rural producers.,rural livelihood,7
"फुटपाथ बहुत असमान है, जिससे बुजुर्गों और दिव्यांग लोगों को चलने में परेशानी होती है।",accessibility,0
Local self-help groups ko timely financial support nahi mil raha hai.,rural livelihood,7
Public office ke officials working hours mein frequently available nahi hote.,public administration,6
I want to report that residents are not receiving clear information about government services.,public administration,6
गांव के युवाओं के लिए सस्ती कौशल विकास सुविधाएं उपलब्ध नहीं हैं।,rural livelihood,7
Local mandi mein farmers ke liye proper facilities nahi hain.,agriculture,1
अस्पताल में मरीजों की देखभाल के लिए पर्याप्त नर्सें नहीं हैं।,healthcare,5
Public building ki stairs par proper handrail nahi hai.,accessibility,0
Open waste burning ki wajah se hamare area ki air quality bahut poor ho gayi hai.,environment,4
Elderly aur disabled pedestrians ke liye proper infrastructure nahi hai.,urban development,8
Tap water se bad smell aa rahi hai aur ye drinking ke liye safe nahi hai.,water related,9
सरकारी कार्यालय में जमा किया गया आवेदन अभी तक संसाधित नहीं हुआ है।,public administration,6
पैदल यात्री क्रॉसिंग पर सुलभ सिग्नल की सुविधा नहीं है।,accessibility,0
Main is problem se pareshan hoon kyunki public buses mein proper wheelchair access available nahi hai.,accessibility,0
Rainwater accumulates on the roads because of poor drainage.,urban development,8
Pest attacks are damaging crops and there is no timely support.,agriculture,1
The village irrigation pump is damaged and has not been repaired.,agriculture,1
Public service counter wheelchair users ke liye bahut high hai.,accessibility,0
Public building ke paas accessible parking space nahi hai.,accessibility,0
स्कूल में शिक्षक अक्सर अनुपस्थित रहते हैं और कोई उचित व्यवस्था नहीं होती।,education,2
स्कूल में विज्ञान प्रयोगशाला के लिए जरूरी उपकरण नहीं हैं।,education,2
People are burning garbage in the open and causing air pollution.,environment,4
There is a serious accessibility issue: there is no wheelchair ramp at the entrance of the government building.,accessibility,0
Health centre ka waiting area bahut overcrowded hai.,healthcare,5
खुले बिजली के तार स्थानीय लोगों के लिए सुरक्षा का खतरा पैदा कर रहे हैं।,energy,3
"Footpath bahut uneven hai, jiski wajah se elderly aur disabled pedestrians ko problem hoti hai.",accessibility,0
I am facing an issue because there is no regular water supply in our locality.,water related,9
स्कूल में विज्ञान प्रयोगशाला के लिए जरूरी उपकरण नहीं हैं।,education,2
The government office staff are not responding to citizen queries.,public administration,6
सरकारी अस्पताल के शौचालय गंदे हैं और उनकी उचित सफाई नहीं होती।,healthcare,5
Patients ko woh medicines bahar se buy karni padti hain jo hospital mein available honi chahiye.,healthcare,5
School ke paas pedestrians ke liye proper crossing nahi hai.,urban development,8
Pest attacks are damaging crops and there is no timely support.,agriculture,1
There is poor drainage along the main road in our locality.,urban development,8
The electricity supply in our area is very unreliable.,energy,3
Smoke from nearby factories is causing air pollution in our locality.,environment,4
मैं इस समस्या से परेशान हूं क्योंकि नई बनी सड़क पर पहले से ही दरारें पड़ गई हैं।,urban development,8
गांव का सिंचाई पंप खराब है और अभी तक उसकी मरम्मत नहीं हुई है।,agriculture,1
Local self-help groups ko timely financial support nahi mil raha hai.,rural livelihood,7
Market ke paas road bahut narrow hai aur regular traffic jam hota hai.,urban development,8
Our locality has been without electricity for several hours.,energy,3
हमारे क्षेत्र का फुटपाथ टूटा हुआ है और चलने में परेशानी होती है।,urban development,8
Hamari street ke paas municipal water pipeline leak ho rahi hai.,water related,9
Village ka irrigation pump damaged hai aur abhi tak repair nahi hua.,agriculture,1
I want to complain that the school does not have clean drinking water for students.,education,2
There are not enough public water taps in our area.,water related,9
Visually impaired pedestrians ke liye tactile path nahi hai.,accessibility,0
किसानों के लिए कृषि मशीनरी की उपलब्धता बहुत कम है।,agriculture,1
Hamare area mein water supply frequently interrupt hoti hai.,water related,9
The village irrigation pump is damaged and has not been repaired.,agriculture,1
स्वास्थ्य केंद्र में बुजुर्ग मरीजों के लिए पर्याप्त सुविधाएं नहीं हैं।,healthcare,5
हमारे गांव के लोगों को समस्या हो रही है क्योंकि हमारे गांव में छोटे व्यवसायों के लिए उचित सुविधाओं की कमी है।,rural livelihood,7
There are not enough public water taps in our area.,water related,9
Residents are facing an accessibility problem because public buses do not provide proper wheelchair access.,accessibility,0
The local pond is polluted with garbage and plastic.,environment,4
Open waste burning ki wajah se hamare area ki air quality bahut poor ho gayi hai.,environment,4
Farm workers in our village are not getting enough seasonal employment.,rural livelihood,7
I want to report that residents are not receiving clear information about government services.,public administration,6
There is very low water pressure in our locality.,water related,9
खुले बिजली के तार स्थानीय लोगों के लिए सुरक्षा का खतरा पैदा कर रहे हैं।,energy,3
Please complaint register karein ki mere area ke government school mein proper classroom facility nahi hai.,education,2
There is no tactile path for visually impaired pedestrians.,accessibility,0
Public office ke officials working hours mein frequently available nahi hote.,public administration,6
There are frequent voltage fluctuations damaging household appliances.,energy,3
Nearby factories ka smoke hamare locality mein air pollution cause kar raha hai.,environment,4
Officials are delaying the verification of submitted documents.,public administration,6
अस्पताल में आपातकालीन सेवाएं ठीक से उपलब्ध नहीं हैं।,healthcare,5
बाजार के पास कचरे के बहुत सारे ढेर लगे हुए हैं।,environment,4
Hamare locality mein water pressure bahut low hai.,water related,9
Education department ne school ki repeated complaints ka solution nahi kiya hai.,education,2
The residents are facing an issue because the electricity supply in the school is unreliable and affects classes.,education,2
Please complaint register karein ki mere area ke government school mein proper classroom facility nahi hai.,education,2
The railway station does not have adequate accessibility facilities.,accessibility,0
The power supply becomes unstable whenever there is bad weather.,energy,3
The school has very limited computer facilities for students.,education,2
स्कूल में छात्रों के लिए पर्याप्त डेस्क और बेंच नहीं हैं।,education,2
Hamare neighbourhood mein drinking water ki shortage hai.,water related,9
Rural youth ke liye nearby vocational training centre available nahi hai.,rural livelihood,7
There are too many stray waste piles near the market.,environment,4
Hamare area ki main road par bade potholes hain.,urban development,8
Workers are not receiving their wages on time under the rural employment scheme.,rural livelihood,7
हमारे क्षेत्र के लोगों को समस्या हो रही है क्योंकि हमारे क्षेत्र में सार्वजनिक बैठने की जगह खराब हो गई है।,urban development,8
There is a serious urban development issue: there are no proper public facilities in the newly developed area.,urban development,8
The garbage collection service is irregular in our area.,environment,4
Government office mein proper queue management nahi hai.,public administration,6
हमारे घर के पास खराब बिजली की केबल अभी तक नहीं बदली गई है।,energy,3
The village irrigation pump is damaged and has not been repaired.,agriculture,1
The road construction work has been left incomplete for months.,urban development,8
Waste is being dumped openly near residential buildings.,environment,4
Hamare village ke farm workers ko enough seasonal employment nahi milta.,rural livelihood,7
The hospital does not have proper facilities for people with disabilities.,healthcare,5
Government employment programme mein eligible workers ka proper registration nahi ho raha.,rural livelihood,7
बाजार के पास की सड़क बहुत संकरी है और वहां नियमित जाम लगता है।,urban development,8
हमारे क्षेत्र के लोगों को समस्या हो रही है क्योंकि हमारे क्षेत्र की कई स्ट्रीट लाइटें काम नहीं कर रही हैं।,energy,3
Local park mein litter aur waste bahut zyada pada hua hai.,environment,4
The trees in our area are being cut without proper replacement.,environment,4
There are no audio announcements for visually impaired passengers.,accessibility,0
बिजली का एक खराब खंभा अभी तक ठीक नहीं किया गया है।,energy,3
मुख्य सड़क पर पानी की पाइपलाइन में बड़ी लीकेज है।,water related,9
Students ko unki classes ki enough textbooks nahi mil rahi hain.,education,2
The footpath is too uneven for elderly and disabled pedestrians.,accessibility,0
सरकारी क्लिनिक में डॉक्टरों के आने का समय नियमित नहीं है।,healthcare,5
There is a serious water-related issue: there is no regular water supply in our locality.,water related,9
Rural youth ke liye nearby vocational training centre available nahi hai.,rural livelihood,7
Government website visually disabled people ke liye use karna difficult hai.,accessibility,0
Government hospital ke toilets dirty hain aur proper maintenance nahi hoti.,healthcare,5
सार्वजनिक भवन में सीढ़ियों का उपयोग न कर पाने वाले लोगों के लिए लिफ्ट नहीं है।,accessibility,0
हमारे मोहल्ले की सड़क और अन्य बुनियादी सुविधाओं का रखरखाव खराब है।,urban development,8
Exposed electrical wires residents ke liye safety risk create kar rahe hain.,energy,3
The concerned department has not resolved the issue despite repeated requests.,public administration,6
हमारे मोहल्ले में बिजली का वोल्टेज बहुत कम रहता है।,energy,3
Farmers ko government agriculture schemes ki information time par nahi milti.,agriculture,1
Ye ek serious public administration issue hai: hamare area ka government office services time par provide nahi karta.,public administration,6
पास की फैक्ट्रियों से निकलने वाला धुआं हमारे क्षेत्र में वायु प्रदूषण कर रहा है।,environment,4
Local administration ne hamare village mein livelihood opportunities ki shortage solve nahi ki hai.,rural livelihood,7
The footpath is too uneven for elderly and disabled pedestrians.,accessibility,0
Farmers in our area are facing a problem because farmers in my area are not getting a reliable supply of irrigation water.,agriculture,1
Ye ek serious urban development issue hai: hamare locality ka public seating area damaged hai.,urban development,8
The public park in our area is poorly maintained.,urban development,8
Same service ke liye citizens ko government office ke multiple visits karne padte hain.,public administration,6
Hamare community ka electricity connection adequate nahi hai.,energy,3
Health centre mein patients ke liye enough beds nahi hain.,healthcare,5
The local healthcare centre is closed during its listed working hours.,healthcare,5
Farmers are facing difficulty getting subsidized seeds.,agriculture,1
Residents in our village are facing a problem because the local market does not provide adequate support to small rural producers.,rural livelihood,7
Rural artisans ke liye apne products sell karne ke enough opportunities nahi hain.,rural livelihood,7
हमारे क्षेत्र की मुख्य सड़क के किनारे जल निकासी की उचित व्यवस्था नहीं है।,urban development,8
There is no clear process for submitting civic complaints in our area.,public administration,6
Students ke liye school mein proper sanitation facility nahi hai.,education,2
The village irrigation pump is damaged and has not been repaired.,agriculture,1
Repeated requests ke baad bhi concerned department ne issue resolve nahi kiya hai.,public administration,6
सार्वजनिक सेवा काउंटर व्हीलचेयर उपयोगकर्ताओं के लिए बहुत ऊंचा है।,accessibility,0
The air quality has become very poor because of open waste burning.,environment,4
यह एक गंभीर जल संबंधी समस्या है: हमारे क्षेत्र में नियमित पानी की आपूर्ति नहीं होती है।,water related,9
स्थानीय रोजगार की कमी के कारण हमारे क्षेत्र के लोग पलायन कर रहे हैं।,rural livelihood,7
The street infrastructure in our neighbourhood is poorly maintained.,urban development,8
Local civic facility mein adequate accessibility support available nahi hai.,accessibility,0
The school lacks basic science laboratory equipment.,education,2
The local civic facility does not provide adequate accessibility support.,accessibility,0
हमारे क्षेत्र में पेड़ों को काटा जा रहा है और उनकी जगह नए पेड़ नहीं लगाए जा रहे हैं।,environment,4
Visually impaired passengers ke liye audio announcements nahi hain.,accessibility,0
Main is problem se pareshan hoon kyunki hamare area ki kai streetlights work nahi kar rahi hain.,energy,3
स्कूल में छात्रों के लिए कंप्यूटर की सुविधा बहुत सीमित है।,education,2
The local mandi does not offer proper facilities for farmers.,agriculture,1
Main complaint register karna chahta hoon ki drinking water pipeline contaminated ho gayi hai.,water related,9
Women in our village have limited opportunities to earn an income.,rural livelihood,7
बाजार के पास कचरे के बहुत सारे ढेर लगे हुए हैं।,environment,4
वोल्टेज में बार-बार उतार-चढ़ाव से घरेलू उपकरण खराब हो रहे हैं।,energy,3
Patients ko woh medicines bahar se buy karni padti hain jo hospital mein available honi chahiye.,healthcare,5
The local healthcare centre is closed during its listed working hours.,healthcare,5
स्थानीय स्वास्थ्य केंद्र में बुनियादी चिकित्सा उपकरण नहीं हैं।,healthcare,5
Farmers are facing difficulty getting subsidized seeds.,agriculture,1
स्थानीय प्रशासन ने हमारे गांव में आजीविका के अवसरों की कमी का समाधान नहीं किया है।,rural livelihood,7
Hospital mein patients ko bahut long waiting time face karna padta hai.,healthcare,5
सड़क के किनारे निर्माण सामग्री का कचरा डाला गया है।,environment,4
सड़क चौड़ीकरण के काम से स्थानीय लोगों को अनावश्यक परेशानी हो रही है।,urban development,8
The pedestrian crossing does not have an accessible signal.,accessibility,0
Main is problem se pareshan hoon kyunki hamare village mein small businesses ke liye proper facilities ki shortage hai.,rural livelihood,7
सरकारी स्वास्थ्य केंद्र में दवाइयों की कमी है।,healthcare,5
The electricity transformer near our street is frequently failing.,energy,3
Please register my complaint that the local administration has not responded to requests from residents.,public administration,6
Students ke liye school mein proper sanitation facility nahi hai.,education,2
सार्वजनिक सेवा काउंटर व्हीलचेयर उपयोगकर्ताओं के लिए बहुत ऊंचा है।,accessibility,0
Main complaint register karna chahta hoon ki drinking water pipeline contaminated ho gayi hai.,water related,9
Please complaint register karein ki mere area ke government school mein proper classroom facility nahi hai.,education,2
किसानों को फसल की सरकारी खरीद के लिए बहुत देर तक इंतजार करना पड़ता है।,agriculture,1
There is a strong foul smell from the garbage dumping area.,environment,4
स्थानीय लोग परेशान हैं क्योंकि कक्षाएं बहुत अधिक भीड़ वाले कमरों में चल रही हैं।,education,2
Please meri complaint register karein ki local administration ne residents ke requests ka response nahi diya hai.,public administration,6
The canal water supply to our village is irregular.,agriculture,1
Hamare area mein kai days se water supply nahi hui hai.,water related,9
छात्रों को उनकी कक्षाओं की पर्याप्त किताबें नहीं मिल रही हैं।,education,2
हमारे मोहल्ले की सड़क और अन्य बुनियादी सुविधाओं का रखरखाव खराब है।,urban development,8
स्थानीय मंडी में किसानों के लिए उचित सुविधाएं नहीं हैं।,agriculture,1
मैं शिकायत दर्ज करना चाहता हूं कि हमारे क्षेत्र की सड़कें बहुत खराब हैं और मरम्मत की जरूरत है।,urban development,8
"The streetlights are switched off at night, making the road unsafe.",energy,3
I want to report that the roads in our locality are badly damaged and need repair.,urban development,8
हमारे क्षेत्र के लोगों को समस्या हो रही है क्योंकि बार-बार शिकायत करने के बावजूद बिजली की कटौती जारी है।,energy,3
Please meri complaint register karein ki community water tank damaged hai aur repair ki zarurat hai.,water related,9
The public park in our area is poorly maintained.,urban development,8
There is a serious energy-related issue: several streetlights in our area are not working.,energy,3
हमारी गली के पास नगर निगम की पानी की पाइपलाइन लीक हो रही है।,water related,9
Ye ek serious water-related issue hai: community water tank damaged hai aur repair ki zarurat hai.,water related,9
बस स्टॉप पर दिव्यांग लोगों के लिए उचित सुविधाएं नहीं हैं।,accessibility,0
Officials are delaying the verification of submitted documents.,public administration,6
There is a serious accessibility issue: there is no wheelchair ramp at the entrance of the government building.,accessibility,0
Important government notices are not displayed publicly.,public administration,6
Ye ek serious healthcare issue hai: hospital ki diagnostic testing facility properly work nahi kar rahi hai.,healthcare,5
Women in our village have limited opportunities to earn an income.,rural livelihood,7
Hamare locality mein installed solar streetlights functioning nahi hain.,energy,3
The school building is in poor condition and needs urgent repair.,education,2
हमारे क्षेत्र के लोगों को समस्या हो रही है क्योंकि निर्माण कार्य के कारण बहुत अधिक धूल प्रदूषण हो रहा है।,environment,4
Hamare area mein trees cut kiye ja rahe hain aur replacement mein naye trees nahi lagaye ja rahe.,environment,4
गांव के युवाओं के लिए सस्ती कौशल विकास सुविधाएं उपलब्ध नहीं हैं।,rural livelihood,7
स्थानीय रोजगार की कमी के कारण हमारे क्षेत्र के लोग पलायन कर रहे हैं।,rural livelihood,7
Ye ek serious energy-related issue hai: electricity meter installation request abhi tak process nahi hui hai.,energy,3
The drainage water is mixing with the drinking water supply.,water related,9
Farm workers in our village are not getting enough seasonal employment.,rural livelihood,7
कृपया मेरी शिकायत दर्ज करें कि निर्माण कार्य के कारण बहुत अधिक धूल प्रदूषण हो रहा है।,environment,4
I am facing an issue because the roads in our locality are badly damaged and need repair.,urban development,8
Residents in our area are facing a problem because garbage is not being collected from our street regularly.,environment,4
Market ke paas road bahut narrow hai aur regular traffic jam hota hai.,urban development,8
Main complaint register karna chahta hoon ki hamare village mein logon ke liye enough employment opportunities nahi hain.,rural livelihood,7
"हमारे क्षेत्र में समस्या यह है कि स्कूल में बिजली की आपूर्ति ठीक नहीं है, जिससे पढ़ाई प्रभावित होती है।",education,2
School ki building bahut kharab condition mein hai aur repair ki zarurat hai.,education,2
Main road par water pipeline mein major leakage hai.,water related,9
मुख्य सड़क का डिवाइडर टूट गया है और असुरक्षित है।,urban development,8
हमारे क्षेत्र के किसानों को समस्या हो रही है क्योंकि मेरे क्षेत्र के किसानों को सिंचाई के लिए नियमित पानी नहीं मिल रहा है।,agriculture,1
There is no proper grievance desk at the local government office.,public administration,6
The local government employment scheme does not provide work regularly.,rural livelihood,7
The trees in our area are being cut without proper replacement.,environment,4
हमारे समुदाय में बिजली का कनेक्शन पर्याप्त नहीं है।,energy,3
सड़क चौड़ीकरण के काम से स्थानीय लोगों को अनावश्यक परेशानी हो रही है।,urban development,8
हमारे क्षेत्र में पर्याप्त सार्वजनिक नल नहीं हैं।,water related,9
यह एक गंभीर जल संबंधी समस्या है: सामुदायिक पानी की टंकी खराब है और उसकी मरम्मत की जरूरत है।,water related,9
The bus stop does not have facilities for people with disabilities.,accessibility,0
The road construction work has been left incomplete for months.,urban development,8
The power supply becomes unstable whenever there is bad weather.,energy,3
Hamare area ka transformer overloaded hai aur frequently trip karta hai.,energy,3
Please meri complaint register karein ki electricity meter installation request abhi tak process nahi hui hai.,energy,3
हमारे गांव के लोगों को समस्या हो रही है क्योंकि स्थानीय बाजार छोटे ग्रामीण उत्पादकों को पर्याप्त सहायता नहीं देता है।,rural livelihood,7
सड़क निर्माण का काम कई महीनों से अधूरा पड़ा है।,urban development,8
पानी का टैंकर निर्धारित समय पर नहीं आता है।,water related,9
There is no proper footpath for pedestrians on this road.,urban development,8
The electricity transformer near our street is frequently failing.,energy,3
सार्वजनिक सेवा केंद्र में उचित टोकन व्यवस्था नहीं है।,public administration,6
The water supplied to our locality contains visible dirt.,water related,9
Main complaint register karna chahta hoon ki repeated complaints ke baad bhi power outage continue hai.,energy,3
Ye ek serious rural livelihood issue hai: small rural businesses ko adequate government support nahi mil raha hai.,rural livelihood,7
सरकारी खरीद केंद्र नियमित रूप से किसानों की फसल नहीं खरीद रहा है।,agriculture,1
हमारे क्षेत्र की मुख्य सड़क पर बड़े-बड़े गड्ढे हैं।,urban development,8
School ki boundary wall damaged hai aur safety issue create kar rahi hai.,education,2
The local self-help groups are not receiving timely financial support.,rural livelihood,7
हमारे क्षेत्र की सार्वजनिक पानी की टंकी नियमित रूप से नहीं भरी जाती है।,water related,9
शिक्षा विभाग ने स्कूल से जुड़ी बार-बार की शिकायतों का समाधान नहीं किया है।,education,2
Hamare area mein proper waste segregation facility nahi hai.,environment,4
हमारे गांव के खेतिहर मजदूरों को पर्याप्त मौसमी रोजगार नहीं मिलता है।,rural livelihood,7
I am facing an issue because several streetlights in our area are not working.,energy,3
Road expansion work ki wajah se residents ko unnecessary obstruction face karna pad raha hai.,urban development,8
The local civic facility does not provide adequate accessibility support.,accessibility,0
मैं शिकायत दर्ज करना चाहता हूं कि हमारे क्षेत्र में नियमित पानी की आपूर्ति नहीं होती है।,water related,9
स्थानीय सरकारी कार्यालय में बहुत लंबे समय तक इंतजार करना पड़ता है।,public administration,6
Please register my complaint that the road connecting our farms to the main market is badly damaged.,agriculture,1
Department mein submit ki gayi repeated complaints ka solution nahi hua hai.,public administration,6
The hand pump in our locality is broken and has not been repaired.,water related,9
Visually impaired passengers ke liye audio announcements nahi hain.,accessibility,0
पाइपलाइन की लीकेज ठीक नहीं होने के कारण पानी बर्बाद हो रहा है।,water related,9
Public building mein stairs use na kar sakne wale logon ke liye lift nahi hai.,accessibility,0
मैं इस समस्या से परेशान हूं क्योंकि हमारे क्षेत्र का सरकारी कार्यालय समय पर सेवाएं उपलब्ध नहीं कराता है।,public administration,6
Household hazardous waste collect karne ka proper system nahi hai.,environment,4
Main complaint karna chahta hoon ki school mein students ke liye clean drinking water available nahi hai.,education,2
The hospital has very long waiting times for patients.,healthcare,5
The health centre does not have enough beds for patients.,healthcare,5
स्थानीय स्वयं सहायता समूहों को समय पर वित्तीय सहायता नहीं मिल रही है।,rural livelihood,7
The electricity transformer near our street is frequently failing.,energy,3
Hamare area mein garbage collection service regular nahi hai.,environment,4
Please report that there is no proper classroom facility in the government school in my area.,education,2
The agricultural electricity supply is frequently interrupted.,agriculture,1
The road expansion work has caused unnecessary obstruction for residents.,urban development,8
There are parked vehicles blocking the accessible footpath.,accessibility,0
The power supply becomes unstable whenever there is bad weather.,energy,3
"Footpath bahut uneven hai, jiski wajah se elderly aur disabled pedestrians ko problem hoti hai.",accessibility,0
ग्रामीण रोजगार योजना के तहत मजदूरों को समय पर मजदूरी नहीं मिल रही है।,rural livelihood,7
किसानों को मंडी में अपनी फसलों का उचित मूल्य नहीं मिल रहा है।,agriculture,1
The canal water supply to our village is irregular.,agriculture,1
Hamare area mein electricity supply bahut unreliable hai.,energy,3
Main is problem se pareshan hoon kyunki government building ke entrance par wheelchair ke liye ramp nahi hai.,accessibility,0
Hospital mein patients ko bahut long waiting time face karna padta hai.,healthcare,5
Roadside par construction waste dump kiya gaya hai.,environment,4
Hospital mein patients ko handle karne ke liye enough nurses nahi hain.,healthcare,5
"Agricultural fields ke around drainage system poor hai, jiski wajah se waterlogging hoti hai.",agriculture,1
Construction waste has been dumped on the roadside.,environment,4
सरकारी कार्यालय में उचित कतार व्यवस्था नहीं है।,public administration,6
Residents ko accessibility ki problem ho rahi hai kyunki public park mein wheelchair users ke liye accessible paths nahi hain.,accessibility,0
The drainage system around agricultural fields is poor and causes waterlogging.,agriculture,1
Main is problem se pareshan hoon kyunki hamare locality ki roads bahut damaged hain aur repair ki zarurat hai.,urban development,8
विभाग में दर्ज की गई बार-बार की शिकायतों का समाधान नहीं किया गया है।,public administration,6
Hamare locality mein water pressure bahut low hai.,water related,9
दृष्टिबाधित यात्रियों के लिए ऑडियो घोषणा की सुविधा नहीं है।,accessibility,0
I want to report that the village lacks proper facilities for small-scale local businesses.,rural livelihood,7
The local health centre does not have basic medical equipment.,healthcare,5
Please register my complaint that residents are not receiving clear information about government services.,public administration,6
There is a strong foul smell from the garbage dumping area.,environment,4
मैं इस समस्या से परेशान हूं क्योंकि अस्पताल में जांच की सुविधा ठीक से काम नहीं कर रही है।,healthcare,5
हमारे क्षेत्र में कचरे को अलग करने की उचित व्यवस्था नहीं है।,environment,4
सरकारी कार्यालय में सेवाओं का अपडेटेड समय प्रदर्शित नहीं किया गया है।,public administration,6
The school does not provide adequate facilities for students with disabilities.,education,2
Hamare area ke residents ko problem ho rahi hai kyunki drinking water pipeline contaminated ho gayi hai.,water related,9
कृपया मेरी शिकायत दर्ज करें कि हमारे क्षेत्र में बार-बार बिजली कटौती होती है।,energy,3
सरकारी कार्यालय में दिव्यांग लोगों के लिए सुलभ प्रवेश द्वार नहीं है।,accessibility,0
Residents ko accessibility ki problem ho rahi hai kyunki road par obstacles hain jiski wajah se wheelchair users ko pass hone mein problem hoti hai.,accessibility,0
Our locality has been without electricity for several hours.,energy,3
Agriculture ke liye electricity supply frequently interrupt hoti hai.,agriculture,1
हमारे क्षेत्र में कचरा संग्रहण की सेवा नियमित नहीं है।,environment,4
Bus stop par people with disabilities ke liye proper facilities nahi hain.,accessibility,0
Public office mein updated service timings display nahi kiye gaye hain.,public administration,6
पानी का टैंकर निर्धारित समय पर नहीं आता है।,water related,9
सार्वजनिक भवन के पास दिव्यांग लोगों के लिए आरक्षित पार्किंग नहीं है।,accessibility,0
There are too many stray waste piles near the market.,environment,4
हमारे क्षेत्र में पर्याप्त सार्वजनिक नल नहीं हैं।,water related,9
Residents in our village are facing a problem because the village lacks proper facilities for small-scale local businesses.,rural livelihood,7
The public office does not display updated service timings.,public administration,6
The newly developed residential area lacks basic civic infrastructure.,urban development,8
Waste is being dumped openly near residential buildings.,environment,4
Pedestrian crossing par accessible signal available nahi hai.,accessibility,0
ग्रामीण श्रमिकों को सरकारी आजीविका योजनाओं की जानकारी समय पर नहीं मिलती है।,rural livelihood,7
Hamare neighbourhood ki street infrastructure properly maintained nahi hai.,urban development,8
Patients are being asked to buy medicines that should be available at the hospital.,healthcare,5
There is a serious agriculture-related issue: the fertilizer prices are too high for small farmers.,agriculture,1
Roadside par bahut zyada plastic waste pada hua hai.,environment,4
Public office ke officials working hours mein frequently available nahi hote.,public administration,6
"Footpath bahut uneven hai, jiski wajah se elderly aur disabled pedestrians ko problem hoti hai.",accessibility,0
मैं शिकायत करना चाहता हूं कि स्कूल में छात्रों के लिए साफ पीने का पानी उपलब्ध नहीं है।,education,2
Rural workers are not getting information about available government livelihood schemes.,rural livelihood,7
Please meri complaint register karein ki concerned department application status update nahi kar raha hai.,public administration,6
Hamari street ke paas municipal water pipeline leak ho rahi hai.,water related,9
Hamare village mein canal water supply irregular hai.,agriculture,1
Road ke paas ek loose electricity wire latak raha hai.,energy,3
हमारे क्षेत्र में पर्याप्त सार्वजनिक नल नहीं हैं।,water related,9
स्कूल में छात्रों के लिए उचित स्वच्छता की व्यवस्था नहीं है।,education,2
Students ke liye school mein proper sanitation facility nahi hai.,education,2
Municipal water supply inadequate hone ki wajah se residents ko water buy karna pad raha hai.,water related,9
हमारे गांव में नहर से पानी की आपूर्ति अनियमित है।,agriculture,1
I want to report that small rural businesses are not receiving adequate government support.,rural livelihood,7
The road expansion work has caused unnecessary obstruction for residents.,urban development,8
The education department has not resolved repeated complaints about the school.,education,2
सरकारी खरीद केंद्र नियमित रूप से किसानों की फसल नहीं खरीद रहा है।,agriculture,1
There is no proper sanitation facility for students.,education,2
The waiting area at the health centre is overcrowded.,healthcare,5
हमारे क्षेत्र के लोगों को समस्या हो रही है क्योंकि स्थानीय प्रशासन ने निवासियों के अनुरोधों का जवाब नहीं दिया है।,public administration,6
Ye ek serious accessibility issue hai: public park mein wheelchair users ke liye accessible paths nahi hain.,accessibility,0
किसानों को सब्सिडी वाले बीज प्राप्त करने में परेशानी हो रही है।,agriculture,1
The canal water supply to our village is irregular.,agriculture,1
Public office ke officials working hours mein frequently available nahi hote.,public administration,6
कीटों के हमले से फसल खराब हो रही है और समय पर सहायता नहीं मिल रही है।,agriculture,1
The government employment programme is not registering eligible workers properly.,rural livelihood,7
दिव्यांग छात्रों के लिए स्कूल में पर्याप्त सुविधाएं नहीं हैं।,education,2
Public works complete karne ke baad workers ko payment milne mein delay ho raha hai.,rural livelihood,7
The local pond is polluted with garbage and plastic.,environment,4
अस्पताल में मरीजों के लिए उचित कतार व्यवस्था नहीं है।,healthcare,5
Department mein submit ki gayi repeated complaints ka solution nahi hua hai.,public administration,6
हमारे क्षेत्र में लगाई गई सोलर स्ट्रीट लाइटें काम नहीं कर रही हैं।,energy,3
नाली का पानी पीने के पानी की पाइपलाइन में मिल रहा है।,water related,9
The footpath in our area is not accessible for wheelchair users.,accessibility,0
There is a shortage of drinking water in our neighbourhood.,water related,9
The health centre does not have enough beds for patients.,healthcare,5
Farmers ko crop procurement ke liye bahut long wait karna padta hai.,agriculture,1
There is a shortage of medicines at the government health centre.,healthcare,5
Hamare area mein civic complaint submit karne ka clear process nahi hai.,public administration,6
हमारे क्षेत्र में रीसाइक्लिंग की उचित सुविधा उपलब्ध नहीं है।,environment,4
स्कूल के शौचालय गंदे हैं और उनकी सफाई नहीं होती।,education,2
Main complaint register karna chahta hoon ki hamare farms ko main market se connect karne wali road bahut damaged hai.,agriculture,1
Local government office mein bahut long waiting time hai.,public administration,6
Public building ki stairs par proper handrail nahi hai.,accessibility,0
Same service ke liye citizens ko government office ke multiple visits karne padte hain.,public administration,6
"Hamare area mein issue ye hai ki school ki electricity supply reliable nahi hai, jiski wajah se classes affect hoti hain.",education,2
There are no proper recycling facilities in our locality.,environment,4
I want to report that the road has obstacles that make it difficult for wheelchair users to pass.,accessibility,0
स्कूल में शिक्षक अक्सर अनुपस्थित रहते हैं और कोई उचित व्यवस्था नहीं होती।,education,2
Parked vehicles accessible footpath ko block kar rahe hain.,accessibility,0
The emergency services at the hospital are not available properly.,healthcare,5
हमारे क्षेत्र में कई घंटों से बिजली नहीं है।,energy,3
The public office does not provide proper assistance to senior citizens.,public administration,6
स्वास्थ्य केंद्र में बुजुर्ग मरीजों के लिए पर्याप्त सुविधाएं नहीं हैं।,healthcare,5
हमारे गांव की महिला उद्यमियों को उचित संस्थागत सहायता नहीं मिल रही है।,rural livelihood,7
मैं शिकायत दर्ज करना चाहता हूं कि हमारे गांव में लोगों के लिए रोजगार के पर्याप्त अवसर नहीं हैं।,rural livelihood,7
इस सड़क पर पैदल चलने वालों के लिए उचित फुटपाथ नहीं है।,urban development,8
School mein teachers frequently absent rehte hain aur proper arrangement nahi hota.,education,2
Hamare locality ke playground ko urgent repair ki zarurat hai.,urban development,8
Local agriculture centre mein fertilizers ki shortage hai.,agriculture,1
The divider on the main road is damaged and unsafe.,urban development,8
Hamare area ke residents ko problem ho rahi hai kyunki concerned department application status update nahi kar raha hai.,public administration,6
"लोग खुले में कचरा जला रहे हैं, जिससे वायु प्रदूषण हो रहा है।",environment,4
Hamare area ki public facility mein reliable power supply nahi hai.,energy,3
Local civic facility mein adequate accessibility support available nahi hai.,accessibility,0
Public building ke paas accessible parking space nahi hai.,accessibility,0
अधिकारी जमा किए गए दस्तावेजों के सत्यापन में देरी कर रहे हैं।,public administration,6
Please register my complaint that small rural businesses are not receiving adequate government support.,rural livelihood,7
Hospital mein patients ko handle karne ke liye enough nurses nahi hain.,healthcare,5
A damaged electricity pole has not been repaired.,energy,3
गांव का सिंचाई पंप खराब है और अभी तक उसकी मरम्मत नहीं हुई है।,agriculture,1
हमारे गांव में नहर से पानी की आपूर्ति अनियमित है।,agriculture,1
स्कूल की इमारत बहुत खराब हालत में है और मरम्मत की जरूरत है।,education,2
अस्पताल में दिव्यांग लोगों के लिए उचित सुविधाएं नहीं हैं।,healthcare,5
The concerned department has not resolved the issue despite repeated requests.,public administration,6
There is a loose electricity wire hanging near the road.,energy,3
Roadside par bahut zyada plastic waste pada hua hai.,environment,4
School ki building bahut kharab condition mein hai aur repair ki zarurat hai.,education,2
There is a shortage of medicines at the government health centre.,healthcare,5
सरकारी कार्यालय में उचित कतार व्यवस्था नहीं है।,public administration,6
There is a lot of plastic waste on the roadside.,environment,4
Ye ek serious urban development issue hai: hamare locality ka public seating area damaged hai.,urban development,8
कृपया मेरी शिकायत दर्ज करें कि सामुदायिक पानी की टंकी खराब है और उसकी मरम्मत की जरूरत है।,water related,9
Rural employment scheme ke under workers ko wages time par nahi mil rahi hain.,rural livelihood,7
Rural artisans ke liye apne products sell karne ke enough opportunities nahi hain.,rural livelihood,7
Rural artisans ke liye apne products sell karne ke enough opportunities nahi hain.,rural livelihood,7
कृपया मेरी शिकायत दर्ज करें कि बार-बार शिकायत करने के बावजूद बिजली की कटौती जारी है।,energy,3
Local health centre mein basic medical equipment available nahi hai.,healthcare,5
Farmers ko subsidized seeds lene mein problem ho rahi hai.,agriculture,1
सरकारी वेबसाइट दृष्टिबाधित लोगों के लिए उपयोग करना बहुत कठिन है।,accessibility,0
Officials submitted documents ki verification mein delay kar rahe hain.,public administration,6
सड़क चौड़ीकरण के काम से स्थानीय लोगों को अनावश्यक परेशानी हो रही है।,urban development,8
अस्पताल में दिव्यांग लोगों के लिए उचित सुविधाएं नहीं हैं।,healthcare,5
Farmers are not receiving crop insurance payments on time.,agriculture,1
Hamare village ki women entrepreneurs ko proper institutional support nahi mil raha hai.,rural livelihood,7
हमारे क्षेत्र का सामुदायिक केंद्र खराब स्थिति में है।,urban development,8
Farmers are not receiving crop insurance payments on time.,agriculture,1
Students are not receiving proper mid-day meals at the school.,education,2
पैदल यात्री क्रॉसिंग पर सुलभ सिग्नल की सुविधा नहीं है।,accessibility,0
There is a shortage of fertilizers at the local agricultural centre.,agriculture,1
Main road ka divider damaged hai aur unsafe hai.,urban development,8
Department mein submit ki gayi repeated complaints ka solution nahi hua hai.,public administration,6
The government website is difficult for people with visual disabilities to use.,accessibility,0
School ke toilets bahut dirty hain aur unki maintenance nahi hoti.,education,2
Local residents ko problem ho rahi hai kyunki hospital mein patients ke liye clean drinking water available nahi hai.,healthcare,5
Officials at the public office are frequently unavailable during working hours.,public administration,6
Hamare area ka public park properly maintained nahi hai.,urban development,8
Main complaint karna chahta hoon ki school mein students ke liye clean drinking water available nahi hai.,education,2
Frequent voltage fluctuations ki wajah se household appliances damage ho rahe hain.,energy,3
Local government office mein proper grievance desk nahi hai.,public administration,6
हमारे गांव के खेतिहर मजदूरों को पर्याप्त मौसमी रोजगार नहीं मिलता है।,rural livelihood,7
मैं शिकायत दर्ज करना चाहता हूं कि सरकारी भवन के प्रवेश द्वार पर व्हीलचेयर के लिए रैंप नहीं है।,accessibility,0
Please register my complaint that the fertilizer prices are too high for small farmers.,agriculture,1
Government office mein proper queue management nahi hai.,public administration,6
I want to report that the village lacks proper facilities for small-scale local businesses.,rural livelihood,7
ग्रामीण श्रमिकों को सरकारी आजीविका योजनाओं की जानकारी समय पर नहीं मिलती है।,rural livelihood,7
Please register my complaint that the hospital does not have clean drinking water for patients.,healthcare,5
घरेलू खतरनाक कचरे को इकट्ठा करने की उचित व्यवस्था नहीं है।,environment,4
मैं इस समस्या से परेशान हूं क्योंकि सड़क पर ऐसी बाधाएं हैं जिनसे व्हीलचेयर उपयोगकर्ताओं को गुजरने में परेशानी होती है।,accessibility,0
Main is problem se pareshan hoon kyunki hamare area ki kai streetlights work nahi kar rahi hain.,energy,3
The public office does not display updated service timings.,public administration,6
Unemployment ke time rural workers ko timely assistance nahi milti.,rural livelihood,7
Main complaint register karna chahta hoon ki hamare village mein small businesses ke liye proper facilities ki shortage hai.,rural livelihood,7
Drainage water drinking water pipeline mein mix ho raha hai.,water related,9
The government website is difficult for people with visual disabilities to use.,accessibility,0
Please register my complaint that the public seating area in our locality is damaged.,urban development,8
Government service counter overcrowded hai aur management poor hai.,public administration,6
The damaged electrical cable near our house has not been replaced.,energy,3
I want to report that there are no proper public facilities in the newly developed area.,urban development,8
Hamare area mein electricity supply bahut unreliable hai.,energy,3
The toilets in the government hospital are dirty and poorly maintained.,healthcare,5
किसानों को फसल बीमा का भुगतान समय पर नहीं मिल रहा है।,agriculture,1
Please meri complaint register karein ki hamare locality mein regular water supply nahi hai.,water related,9
गांव का सिंचाई पंप खराब है और अभी तक उसकी मरम्मत नहीं हुई है।,agriculture,1
There are not enough opportunities for rural artisans to sell their products.,rural livelihood,7
Public road ke paas proper street lighting nahi hai.,energy,3
Important government notices are not displayed publicly.,public administration,6
खराब मौसम के दौरान बिजली की आपूर्ति अस्थिर हो जाती है।,energy,3
I want to report that garbage is not being collected from our street regularly.,environment,4
मैं शिकायत दर्ज करना चाहता हूं कि पीने के पानी की पाइपलाइन दूषित हो गई है।,water related,9
Residential buildings ke paas openly waste dump kiya ja raha hai.,environment,4
पास की फैक्ट्रियों से निकलने वाला धुआं हमारे क्षेत्र में वायु प्रदूषण कर रहा है।,environment,4
नए विकसित आवासीय क्षेत्र में बुनियादी नागरिक सुविधाओं की कमी है।,urban development,8
Solar streetlights installed in our locality are not functioning.,energy,3
Farmers ko government agriculture schemes ki information time par nahi milti.,agriculture,1
The public park in our area is poorly maintained.,urban development,8
School mein students ke liye computer facility bahut limited hai.,education,2
हमारे क्षेत्र की सार्वजनिक पानी की टंकी नियमित रूप से नहीं भरी जाती है।,water related,9
Residential buildings ke paas openly waste dump kiya ja raha hai.,environment,4
दृष्टिबाधित पैदल यात्रियों के लिए टैक्टाइल पथ नहीं है।,accessibility,0
स्थानीय मंडी में किसानों के लिए उचित सुविधाएं नहीं हैं।,agriculture,1
The toilets in the government hospital are dirty and poorly maintained.,healthcare,5
The hospital does not have enough nurses to handle patients.,healthcare,5
Hamare area mein proper waste segregation facility nahi hai.,environment,4
स्कूल के पास पैदल यात्रियों के लिए उचित क्रॉसिंग नहीं है।,urban development,8
सरकारी कार्यालय का स्टाफ नागरिकों के सवालों का जवाब नहीं देता है।,public administration,6
यह एक गंभीर सार्वजनिक प्रशासन संबंधी समस्या है: संबंधित विभाग द्वारा आवेदन की स्थिति अपडेट नहीं की जा रही है।,public administration,6
School mein students ke liye computer facility bahut limited hai.,education,2
Ye ek serious energy-related issue hai: hamare area ki kai streetlights work nahi kar rahi hain.,energy,3
"रात में स्ट्रीट लाइटें बंद रहती हैं, जिससे सड़क असुरक्षित हो जाती है।",energy,3
कृषि के लिए बिजली की आपूर्ति बार-बार बाधित होती है।,agriculture,1
The public office does not display updated service timings.,public administration,6
Main is problem se pareshan hoon kyunki water supply timings irregular aur inconvenient hain.,water related,9
There is no clear process for submitting civic complaints in our area.,public administration,6
Hamare neighbourhood mein drinking water ki shortage hai.,water related,9
सरकारी रोजगार कार्यक्रम में पात्र श्रमिकों का सही तरीके से पंजीकरण नहीं हो रहा है।,rural livelihood,7
स्कूल में छात्रों को उचित मध्याह्न भोजन नहीं मिल रहा है।,education,2
"The streetlights are switched off at night, making the road unsafe.",energy,3
Farmers are not receiving crop insurance payments on time.,agriculture,1
Public service counter wheelchair users ke liye bahut high hai.,accessibility,0
Education department ne school ki repeated complaints ka solution nahi kiya hai.,education,2
Household hazardous waste collect karne ka proper system nahi hai.,environment,4
Hamare village ke residents ko problem ho rahi hai kyunki local market small rural producers ko adequate support nahi deta hai.,rural livelihood,7
अस्पताल में मरीजों को बहुत लंबे समय तक इंतजार करना पड़ता है।,healthcare,5
Market ke paas bahut saare waste piles lage hue hain.,environment,4
There are not enough opportunities for rural artisans to sell their products.,rural livelihood,7
The hospital premises are not cleaned regularly.,healthcare,5
Main complaint register karna chahta hoon ki small rural businesses ko adequate government support nahi mil raha hai.,rural livelihood,7
Local government office mein proper grievance desk nahi hai.,public administration,6
हमारे मोहल्ले की सड़क और अन्य बुनियादी सुविधाओं का रखरखाव खराब है।,urban development,8
सार्वजनिक कार्य पूरा करने के बाद मजदूरों को भुगतान मिलने में देरी हो रही है।,rural livelihood,7
Our locality has been without electricity for several hours.,energy,3
Farm workers in our village are not getting enough seasonal employment.,rural livelihood,7
The boundary wall of the school is damaged and creates a safety concern.,education,2
मैं शिकायत करना चाहता हूं कि स्कूल में छात्रों के लिए साफ पीने का पानी उपलब्ध नहीं है।,education,2
Hamare area ke farmers ko problem ho rahi hai kyunki local agriculture office farmers ko proper guidance nahi de raha hai.,agriculture,1
"Hamare area mein issue ye hai ki school ki electricity supply reliable nahi hai, jiski wajah se classes affect hoti hain.",education,2
Hospital laboratory time par reports provide nahi karti hai.,healthcare,5
Local healthcare centre apne listed working hours mein open nahi rehta.,healthcare,5
Residents are receiving dirty water from the municipal pipeline.,water related,9
स्वास्थ्य केंद्र में बुजुर्ग मरीजों के लिए पर्याप्त सुविधाएं नहीं हैं।,healthcare,5
The road construction work has been left incomplete for months.,urban development,8
Hamare locality mein water pressure bahut low hai.,water related,9
Water is being wasted because of an unrepaired pipeline leak.,water related,9
सरकारी खरीद केंद्र नियमित रूप से किसानों की फसल नहीं खरीद रहा है।,agriculture,1
There are not enough teachers for the number of students in the school.,education,2
The newly developed residential area lacks basic civic infrastructure.,urban development,8
Road expansion work ki wajah se residents ko unnecessary obstruction face karna pad raha hai.,urban development,8
किसानों के लिए कृषि मशीनरी की उपलब्धता बहुत कम है।,agriculture,1
Government office mein submit kiya gaya application abhi tak process nahi hua hai.,public administration,6
अस्पताल में दिव्यांग लोगों के लिए उचित सुविधाएं नहीं हैं।,healthcare,5
सरकारी कार्यालय में दिव्यांग लोगों के लिए सुलभ प्रवेश द्वार नहीं है।,accessibility,0
पात्र छात्रों को छात्रवृत्ति की राशि अभी तक नहीं मिली है।,education,2
Local pond garbage aur plastic ki wajah se polluted ho gaya hai.,environment,4
The boundary wall of the school is damaged and creates a safety concern.,education,2
हमारी गली के पास बिजली का ट्रांसफॉर्मर बार-बार खराब हो जाता है।,energy,3
Local healthcare centre apne listed working hours mein open nahi rehta.,healthcare,5
Farmers are not getting timely information about government agriculture schemes.,agriculture,1
Please register my complaint that the newly constructed road has developed cracks already.,urban development,8
"हमारे क्षेत्र में समस्या यह है कि स्कूल में बिजली की आपूर्ति ठीक नहीं है, जिससे पढ़ाई प्रभावित होती है।",education,2
Village ka irrigation pump damaged hai aur abhi tak repair nahi hua.,agriculture,1
ग्रामीण रोजगार योजना के तहत मजदूरों को समय पर मजदूरी नहीं मिल रही है।,rural livelihood,7
There is no proper token system at the public service centre.,public administration,6
Pedestrian crossing par accessible signal available nahi hai.,accessibility,0
ग्रामीण युवाओं के लिए पास में कोई व्यावसायिक प्रशिक्षण केंद्र नहीं है।,rural livelihood,7
Hamare area mein proper waste segregation facility nahi hai.,environment,4
Farmers have to wait too long for crop procurement.,agriculture,1
Public works complete karne ke baad workers ko payment milne mein delay ho raha hai.,rural livelihood,7
Farmers are not receiving crop insurance payments on time.,agriculture,1
Please report that there is no proper classroom facility in the government school in my area.,education,2
Is road par pedestrians ke liye proper footpath nahi hai.,urban development,8
Hamare area mein enough public water taps nahi hain.,water related,9
Government website visually disabled people ke liye use karna difficult hai.,accessibility,0
हमारे क्षेत्र की मुख्य सड़क के किनारे जल निकासी की उचित व्यवस्था नहीं है।,urban development,8
Hamare area ka footpath wheelchair users ke liye accessible nahi hai.,accessibility,0
Roadside par bahut zyada plastic waste pada hua hai.,environment,4
Government website visually disabled people ke liye use karna difficult hai.,accessibility,0
Smoke from nearby factories is causing air pollution in our locality.,environment,4
फसल खराब होने से प्रभावित किसानों को मुआवजा नहीं मिला है।,agriculture,1
हमारे गांव में युवाओं के लिए उचित कौशल प्रशिक्षण के अवसर नहीं हैं।,rural livelihood,7
Main complaint register karna chahta hoon ki concerned department application status update nahi kar raha hai.,public administration,6
Village ka irrigation pump damaged hai aur abhi tak repair nahi hua.,agriculture,1
सार्वजनिक भवन में सीढ़ियों का उपयोग न कर पाने वाले लोगों के लिए लिफ्ट नहीं है।,accessibility,0
School mein students ko proper mid-day meal nahi mil raha hai.,education,2
The garbage collection service is irregular in our area.,environment,4
कृपया मेरी शिकायत दर्ज करें कि हमारे क्षेत्र का सरकारी कार्यालय समय पर सेवाएं उपलब्ध नहीं कराता है।,public administration,6
सरकारी क्लिनिक में डॉक्टरों के आने का समय नियमित नहीं है।,healthcare,5
The transformer in our area is overloaded and frequently trips.,energy,3
The health centre does not have enough beds for patients.,healthcare,5
There are too many stray waste piles near the market.,environment,4
Residents ko accessibility ki problem ho rahi hai kyunki government building ke entrance par wheelchair ke liye ramp nahi hai.,accessibility,0
Main road par water pipeline mein major leakage hai.,water related,9
Exposed electrical wires residents ke liye safety risk create kar rahe hain.,energy,3
"रात में स्ट्रीट लाइटें बंद रहती हैं, जिससे सड़क असुरक्षित हो जाती है।",energy,3
We are facing a problem because classes are being conducted in overcrowded rooms.,education,2
The public water tank in our area is not being filled regularly.,water related,9
There is no lift in the public building for people who cannot use stairs.,accessibility,0
नल के पानी से बदबू आती है और यह पीने के लिए सुरक्षित नहीं है।,water related,9
अस्पताल में मरीजों की देखभाल के लिए पर्याप्त नर्सें नहीं हैं।,healthcare,5
बाजार के पास की सड़क बहुत संकरी है और वहां नियमित जाम लगता है।,urban development,8
The village does not have proper skill training opportunities for young people.,rural livelihood,7
अस्पताल परिसर की नियमित रूप से सफाई नहीं होती है।,healthcare,5
ग्रामीण श्रमिकों को सरकारी आजीविका योजनाओं की जानकारी समय पर नहीं मिलती है।,rural livelihood,7
स्वास्थ्य केंद्र में बुजुर्ग मरीजों के लिए पर्याप्त सुविधाएं नहीं हैं।,healthcare,5
Officials are delaying the verification of submitted documents.,public administration,6
सरकारी स्वास्थ्य केंद्र में दवाइयों की कमी है।,healthcare,5
"लोग खुले में कचरा जला रहे हैं, जिससे वायु प्रदूषण हो रहा है।",environment,4
हमारे क्षेत्र में पानी की आपूर्ति बार-बार बाधित होती है।,water related,9
Public works complete karne ke baad workers ko payment milne mein delay ho raha hai.,rural livelihood,7
एक ही सेवा के लिए नागरिकों को सरकारी कार्यालय के कई चक्कर लगाने पड़ते हैं।,public administration,6
सरकारी कार्यालय के अधिकारी काम के समय अक्सर उपलब्ध नहीं रहते हैं।,public administration,6
स्थानीय तालाब कचरे और प्लास्टिक से प्रदूषित हो गया है।,environment,4
सड़क चौड़ीकरण के काम से स्थानीय लोगों को अनावश्यक परेशानी हो रही है।,urban development,8
Citizens have to visit the government office multiple times for the same service.,public administration,6
The local mandi does not offer proper facilities for farmers.,agriculture,1
Road expansion work ki wajah se residents ko unnecessary obstruction face karna pad raha hai.,urban development,8
Ye ek serious energy-related issue hai: electricity meter installation request abhi tak process nahi hui hai.,energy,3
I am facing an issue because there is no regular water supply in our locality.,water related,9
Water is being wasted because of an unrepaired pipeline leak.,water related,9
Public service counter wheelchair users ke liye bahut high hai.,accessibility,0
हमारे क्षेत्र की मुख्य सड़क के किनारे जल निकासी की उचित व्यवस्था नहीं है।,urban development,8
The public service counter is too high for wheelchair users.,accessibility,0
Workers are not receiving their wages on time under the rural employment scheme.,rural livelihood,7
Parked vehicles accessible footpath ko block kar rahe hain.,accessibility,0
Waste is being dumped openly near residential buildings.,environment,4
Residents in our area are facing a problem because residents are not receiving clear information about government services.,public administration,6
स्कूल में छात्रों के लिए कंप्यूटर की सुविधा बहुत सीमित है।,education,2
Main is problem se pareshan hoon kyunki hamare locality mein excessive garbage dumping ho rahi hai.,environment,4
यह एक गंभीर स्वास्थ्य संबंधी समस्या है: जरूरत के समय एंबुलेंस सेवा उपलब्ध नहीं होती है।,healthcare,5
Exposed electrical wires residents ke liye safety risk create kar rahe hain.,energy,3
The government clinic has irregular doctor timings.,healthcare,5
Local healthcare centre apne listed working hours mein open nahi rehta.,healthcare,5
There is a serious environmental issue: there is excessive dust pollution because of construction work.,environment,4
Residents are forced to buy water because the municipal supply is inadequate.,water related,9
अस्पताल में मरीजों के लिए उचित कतार व्यवस्था नहीं है।,healthcare,5
Please register my complaint that the road connecting our farms to the main market is badly damaged.,agriculture,1
There are large potholes on the main road in our area.,urban development,8
फसल खराब होने से प्रभावित किसानों को मुआवजा नहीं मिला है।,agriculture,1
स्कूल की इमारत बहुत खराब हालत में है और मरम्मत की जरूरत है।,education,2
Government office staff citizen queries ka response nahi karta.,public administration,6
I want to report that there are not enough employment opportunities for people in our village.,rural livelihood,7
सार्वजनिक शौचालय में दिव्यांग लोगों के लिए उचित सुविधा नहीं है।,accessibility,0
सरकारी कार्यालय में वरिष्ठ नागरिकों के लिए उचित सहायता उपलब्ध नहीं है।,public administration,6
Public building ki stairs par proper handrail nahi hai.,accessibility,0
सरकारी क्लिनिक में डॉक्टरों के आने का समय नियमित नहीं है।,healthcare,5
Health centre mein patients ke liye enough beds nahi hain.,healthcare,5
The public office does not provide proper assistance to senior citizens.,public administration,6
The public toilet does not have an accessible facility for disabled people.,accessibility,0
The public toilet does not have an accessible facility for disabled people.,accessibility,0
बुजुर्गों और दिव्यांग पैदल यात्रियों के लिए उचित बुनियादी सुविधाएं नहीं हैं।,urban development,8
There are too many stray waste piles near the market.,environment,4
The drainage system around agricultural fields is poor and causes waterlogging.,agriculture,1
The school building is in poor condition and needs urgent repair.,education,2
इस सड़क पर पैदल चलने वालों के लिए उचित फुटपाथ नहीं है।,urban development,8
Hospital mein disabled people ke liye proper facilities nahi hain.,healthcare,5
कृपया मेरी शिकायत दर्ज करें कि बिजली मीटर लगाने का अनुरोध अभी तक पूरा नहीं हुआ है।,energy,3
There is very low water pressure in our locality.,water related,9
Local government office mein proper grievance desk nahi hai.,public administration,6
Road ke paas ek loose electricity wire latak raha hai.,energy,3
Residents in our area are facing a problem because there is excessive garbage dumping in our locality.,environment,4
Hamare locality mein water pressure bahut low hai.,water related,9
हमारे मोहल्ले की सड़क और अन्य बुनियादी सुविधाओं का रखरखाव खराब है।,urban development,8
Hamare neighbourhood mein voltage bahut low aa raha hai.,energy,3
हमारे क्षेत्र में पानी की आपूर्ति बार-बार बाधित होती है।,water related,9
There is no proper street lighting near the public road.,energy,3
Government procurement centre regularly crops accept nahi kar raha hai.,agriculture,1
सरकारी कार्यालय में सेवाओं का अपडेटेड समय प्रदर्शित नहीं किया गया है।,public administration,6
Hamare area ki public facility mein reliable power supply nahi hai.,energy,3
Hamare locality ke playground ko urgent repair ki zarurat hai.,urban development,8
Ye ek serious water-related issue hai: hamare locality mein regular water supply nahi hai.,water related,9
Officials submitted documents ki verification mein delay kar rahe hain.,public administration,6
Local pond garbage aur plastic ki wajah se polluted ho gaya hai.,environment,4
Public building ke paas accessible parking space nahi hai.,accessibility,0
Hamare village ke paas proper cold storage facility nahi hai.,agriculture,1
नए विकसित आवासीय क्षेत्र में बुनियादी नागरिक सुविधाओं की कमी है।,urban development,8
हमारे मोहल्ले में बिजली का वोल्टेज बहुत कम रहता है।,energy,3
मैं इस समस्या से परेशान हूं क्योंकि हमारे क्षेत्र की सड़कें बहुत खराब हैं और मरम्मत की जरूरत है।,urban development,8
स्थानीय कृषि केंद्र में खाद की कमी है।,agriculture,1
Government office staff citizen queries ka response nahi karta.,public administration,6
The government office does not have an accessible entrance.,accessibility,0
There is a serious environmental issue: garbage is not being collected from our street regularly.,environment,4
Ye ek serious environmental issue hai: local water body mein sewage aur waste discharge kiya ja raha hai.,environment,4
Hamare locality mein installed solar streetlights functioning nahi hain.,energy,3
There are no proper recycling facilities in our locality.,environment,4
दृष्टिबाधित पैदल यात्रियों के लिए टैक्टाइल पथ नहीं है।,accessibility,0
There are no proper recycling facilities in our locality.,environment,4
School ke paas pedestrians ke liye proper crossing nahi hai.,urban development,8
Hospital mein patients ko bahut long waiting time face karna padta hai.,healthcare,5
Health centre ka waiting area bahut overcrowded hai.,healthcare,5
Main complaint register karna chahta hoon ki newly developed area mein proper public facilities available nahi hain.,urban development,8
Waste is being dumped openly near residential buildings.,environment,4
Newly developed residential area mein basic civic infrastructure ki shortage hai.,urban development,8
The government office staff are not responding to citizen queries.,public administration,6
Officials submitted documents ki verification mein delay kar rahe hain.,public administration,6
There is a serious rural livelihood issue: the village lacks proper facilities for small-scale local businesses.,rural livelihood,7
Please register my complaint that garbage is not being collected from our street regularly.,environment,4
School ka playground damaged hai aur safely use nahi ho sakta.,education,2
Village ke young people ke liye affordable skill development available nahi hai.,rural livelihood,7
Garbage dumping area se bahut strong foul smell aa rahi hai.,environment,4
कृपया मेरी शिकायत दर्ज करें कि बिजली मीटर लगाने का अनुरोध अभी तक पूरा नहीं हुआ है।,energy,3
कृपया मेरी शिकायत दर्ज करें कि पानी की आपूर्ति का समय अनियमित और असुविधाजनक है।,water related,9
There is a shortage of drinking water in our neighbourhood.,water related,9
The health centre does not have adequate facilities for elderly patients.,healthcare,5
I want to report that ambulance services are not available when urgently needed.,healthcare,5
Government office staff citizen queries ka response nahi karta.,public administration,6
Hospital premises ki regular cleaning nahi hoti hai.,healthcare,5
"फुटपाथ बहुत असमान है, जिससे बुजुर्गों और दिव्यांग लोगों को चलने में परेशानी होती है।",accessibility,0
Public building ke paas accessible parking space nahi hai.,accessibility,0
There is a major water leakage on the main road.,water related,9
Residents are forced to buy water because the municipal supply is inadequate.,water related,9
Farmers are not receiving crop insurance payments on time.,agriculture,1
हमारे क्षेत्र का सार्वजनिक पार्क ठीक से बनाए नहीं रखा जाता है।,urban development,8
सरकारी कार्यालय में जमा किया गया आवेदन अभी तक संसाधित नहीं हुआ है।,public administration,6
Please meri complaint register karein ki road par obstacles hain jiski wajah se wheelchair users ko pass hone mein problem hoti hai.,accessibility,0
Please register my complaint that there are no proper public facilities in the newly developed area.,urban development,8
There is no proper grievance desk at the local government office.,public administration,6
Crop damage se affected farmers ko compensation nahi mila hai.,agriculture,1
"खेतों के आसपास जल निकासी की व्यवस्था खराब है, जिससे जलभराव होता है।",agriculture,1
Ye ek serious urban development issue hai: hamare locality ki roads bahut damaged hain aur repair ki zarurat hai.,urban development,8
Hamare house ke paas damaged electrical cable abhi tak replace nahi hui.,energy,3
Education department ne school ki repeated complaints ka solution nahi kiya hai.,education,2
मुख्य सड़क का डिवाइडर टूट गया है और असुरक्षित है।,urban development,8
The local self-help groups are not receiving timely financial support.,rural livelihood,7
Department mein submit ki gayi repeated complaints ka solution nahi hua hai.,public administration,6
स्कूल की इमारत बहुत खराब हालत में है और मरम्मत की जरूरत है।,education,2
Farm workers in our village are not getting enough seasonal employment.,rural livelihood,7
The concerned department has not resolved the issue despite repeated requests.,public administration,6
अस्पताल परिसर की नियमित रूप से सफाई नहीं होती है।,healthcare,5
There is no proper queue management at the government office.,public administration,6
स्कूल की इमारत बहुत खराब हालत में है और मरम्मत की जरूरत है।,education,2
Open waste burning ki wajah se hamare area ki air quality bahut poor ho gayi hai.,environment,4
Local residents ko problem ho rahi hai kyunki hospital ki diagnostic testing facility properly work nahi kar rahi hai.,healthcare,5
हमारे मोहल्ले की सड़क और अन्य बुनियादी सुविधाओं का रखरखाव खराब है।,urban development,8
There is a serious energy-related issue: several streetlights in our area are not working.,energy,3
There is a shortage of fertilizers at the local agricultural centre.,agriculture,1
Farmers are facing difficulty getting subsidized seeds.,agriculture,1
किसानों को सब्सिडी वाले बीज प्राप्त करने में परेशानी हो रही है।,agriculture,1
"खेतों के आसपास जल निकासी की व्यवस्था खराब है, जिससे जलभराव होता है।",agriculture,1
There is a serious urban development issue: the newly constructed road has developed cracks already.,urban development,8
Local jobs ki shortage ki wajah se hamare area ke log migrate kar rahe hain.,rural livelihood,7
There is a shortage of agricultural machinery available for farmers.,agriculture,1
सार्वजनिक शौचालय में दिव्यांग लोगों के लिए उचित सुविधा नहीं है।,accessibility,0
Please register my complaint that the newly constructed road has developed cracks already.,urban development,8
Market ke paas bahut saare waste piles lage hue hain.,environment,4
Road construction work kai months se incomplete pada hai.,urban development,8
स्थानीय स्वयं सहायता समूहों को समय पर वित्तीय सहायता नहीं मिल रही है।,rural livelihood,7
Farm workers in our village are not getting enough seasonal employment.,rural livelihood,7
There is a serious environmental issue: there is excessive garbage dumping in our locality.,environment,4
"रात में स्ट्रीट लाइटें बंद रहती हैं, जिससे सड़क असुरक्षित हो जाती है।",energy,3
There is a serious issue that there is no proper library facility available for students.,education,2
The government clinic has irregular doctor timings.,healthcare,5
There is a major water leakage on the main road.,water related,9
The local self-help groups are not receiving timely financial support.,rural livelihood,7
Hamare area ki main road par bade potholes hain.,urban development,8
Please complaint register karein ki mere area ke government school mein proper classroom facility nahi hai.,education,2
Crop damage compensation has not been provided to affected farmers.,agriculture,1
Pest attacks are damaging crops and there is no timely support.,agriculture,1
The agricultural electricity supply is frequently interrupted.,agriculture,1
The application submitted to the government office has not been processed.,public administration,6
हमारे क्षेत्र की सार्वजनिक सुविधा में बिजली की विश्वसनीय आपूर्ति नहीं है।,energy,3
School ki boundary wall damaged hai aur safety issue create kar rahi hai.,education,2
सार्वजनिक सेवा केंद्र में उचित टोकन व्यवस्था नहीं है।,public administration,6
There is a major water leakage on the main road.,water related,9
There is no proper system for collecting household hazardous waste.,environment,4
Local agriculture centre mein fertilizers ki shortage hai.,agriculture,1
कृषि के लिए बिजली की आपूर्ति बार-बार बाधित होती है।,agriculture,1
School ke toilets bahut dirty hain aur unki maintenance nahi hoti.,education,2
Local government employment scheme mein regularly work nahi milta hai.,rural livelihood,7
इस सड़क पर पैदल चलने वालों के लिए उचित फुटपाथ नहीं है।,urban development,8
The hospital does not have enough nurses to handle patients.,healthcare,5
The stairs in the public building do not have a proper handrail.,accessibility,0
Farmers ko mandi mein crops ka fair price nahi mil raha hai.,agriculture,1
Please meri complaint register karein ki local administration ne residents ke requests ka response nahi diya hai.,public administration,6
Visually impaired passengers ke liye audio announcements nahi hain.,accessibility,0
I want to complain that the school does not have clean drinking water for students.,education,2
The public park in our area is poorly maintained.,urban development,8
Pipeline leakage repair na hone ki wajah se water waste ho raha hai.,water related,9
Farmers in our area are facing a problem because the fertilizer prices are too high for small farmers.,agriculture,1
Teachers are frequently absent from the school without proper arrangement.,education,2
The water supply is interrupted frequently in our area.,water related,9
स्कूल का खेल मैदान खराब है और सुरक्षित रूप से उपयोग नहीं किया जा सकता।,education,2
"Log open mein garbage burn kar rahe hain, jiski wajah se air pollution ho raha hai.",environment,4
I want to report that the road has obstacles that make it difficult for wheelchair users to pass.,accessibility,0
Unemployment ke time rural workers ko timely assistance nahi milti.,rural livelihood,7
Government office mein submit kiya gaya application abhi tak process nahi hua hai.,public administration,6
Hamare locality mein installed solar streetlights functioning nahi hain.,energy,3
Crop damage compensation has not been provided to affected farmers.,agriculture,1
Residents are receiving dirty water from the municipal pipeline.,water related,9
Same service ke liye citizens ko government office ke multiple visits karne padte hain.,public administration,6
मैं इस समस्या से परेशान हूं क्योंकि अस्पताल में मरीजों के लिए साफ पीने का पानी उपलब्ध नहीं है।,healthcare,5
Local healthcare centre apne listed working hours mein open nahi rehta.,healthcare,5
Household hazardous waste collect karne ka proper system nahi hai.,environment,4
Farmers ko government agriculture schemes ki information time par nahi milti.,agriculture,1
स्वास्थ्य केंद्र में मरीजों के लिए पर्याप्त बेड नहीं हैं।,healthcare,5
सार्वजनिक शौचालय में दिव्यांग लोगों के लिए उचित सुविधा नहीं है।,accessibility,0
Students ki sankhya ke hisaab se school mein enough teachers nahi hain.,education,2
Repeated complaints submitted to the department have not been addressed.,public administration,6
There is no proper grievance desk at the local government office.,public administration,6
People are burning garbage in the open and causing air pollution.,environment,4
यह एक गंभीर सार्वजनिक प्रशासन संबंधी समस्या है: हमारे क्षेत्र का सरकारी कार्यालय समय पर सेवाएं उपलब्ध नहीं कराता है।,public administration,6
The railway station does not have adequate accessibility facilities.,accessibility,0
There is no proper queue management at the government office.,public administration,6
हमारे गांव के पास उचित कोल्ड स्टोरेज की सुविधा नहीं है।,agriculture,1
स्थानीय स्वास्थ्य केंद्र निर्धारित समय में खुला नहीं रहता है।,healthcare,5
Farmers have to wait too long for crop procurement.,agriculture,1
Main complaint register karna chahta hoon ki government building ke entrance par wheelchair ke liye ramp nahi hai.,accessibility,0
Local pond garbage aur plastic ki wajah se polluted ho gaya hai.,environment,4
मरीजों को वे दवाइयां बाहर से खरीदने के लिए कहा जाता है जो अस्पताल में उपलब्ध होनी चाहिए।,healthcare,5
The local self-help groups are not receiving timely financial support.,rural livelihood,7
मैं शिकायत दर्ज करना चाहता हूं कि छोटे ग्रामीण व्यवसायों को पर्याप्त सरकारी सहायता नहीं मिल रही है।,rural livelihood,7
मैं इस समस्या से परेशान हूं क्योंकि स्थानीय प्रशासन ने निवासियों के अनुरोधों का जवाब नहीं दिया है।,public administration,6
स्थानीय स्वास्थ्य केंद्र निर्धारित समय में खुला नहीं रहता है।,healthcare,5
स्कूल में छात्रों के लिए पर्याप्त डेस्क और बेंच नहीं हैं।,education,2
कृपया मेरी शिकायत दर्ज करें कि स्थानीय प्रशासन ने निवासियों के अनुरोधों का जवाब नहीं दिया है।,public administration,6
मैं शिकायत दर्ज करना चाहता हूं कि नई बनी सड़क पर पहले से ही दरारें पड़ गई हैं।,urban development,8
The local park is filled with litter and waste.,environment,4
हमारे क्षेत्र के लोगों को समस्या हो रही है क्योंकि हमारे क्षेत्र का सरकारी कार्यालय समय पर सेवाएं उपलब्ध नहीं कराता है।,public administration,6
स्थानीय पार्क में कचरा और गंदगी फैली हुई है।,environment,4
The health centre does not have adequate facilities for elderly patients.,healthcare,5
I want to report that the water supply timings are irregular and inconvenient.,water related,9
हमारे क्षेत्र का सार्वजनिक पार्क ठीक से बनाए नहीं रखा जाता है।,urban development,8
हमारी गली के पास नगर निगम की पानी की पाइपलाइन लीक हो रही है।,water related,9
बेरोजगारी के समय ग्रामीण श्रमिकों को समय पर सहायता नहीं मिलती है।,rural livelihood,7
यह एक गंभीर शहरी विकास संबंधी समस्या है: हमारे क्षेत्र की सड़कें बहुत खराब हैं और मरम्मत की जरूरत है।,urban development,8
Main complaint register karna chahta hoon ki concerned department application status update nahi kar raha hai.,public administration,6
Hamare neighbourhood mein voltage bahut low aa raha hai.,energy,3
There is no proper queue management at the government office.,public administration,6
सरकारी कार्यालय में जमा किया गया आवेदन अभी तक संसाधित नहीं हुआ है।,public administration,6
हमारे क्षेत्र का सामुदायिक केंद्र खराब स्थिति में है।,urban development,8
Hamare village ke farm workers ko enough seasonal employment nahi milta.,rural livelihood,7
स्थानीय लोगों को सुलभता की समस्या हो रही है क्योंकि सड़क पर ऐसी बाधाएं हैं जिनसे व्हीलचेयर उपयोगकर्ताओं को गुजरने में परेशानी होती है।,accessibility,0
Solar streetlights installed in our locality are not functioning.,energy,3
Public service centre mein proper token system nahi hai.,public administration,6
There is no tactile path for visually impaired pedestrians.,accessibility,0
Public service centre mein proper token system nahi hai.,public administration,6
Farmers ko crop procurement ke liye bahut long wait karna padta hai.,agriculture,1
Ye ek serious accessibility issue hai: government building ke entrance par wheelchair ke liye ramp nahi hai.,accessibility,0
स्थानीय स्वास्थ्य केंद्र निर्धारित समय में खुला नहीं रहता है।,healthcare,5
The power supply becomes unstable whenever there is bad weather.,energy,3
Local pond garbage aur plastic ki wajah se polluted ho gaya hai.,environment,4
सरकारी सेवा काउंटर पर बहुत भीड़ रहती है और व्यवस्था खराब है।,public administration,6
कृपया मेरी शिकायत दर्ज करें कि हमारे गांव में लोगों के लिए रोजगार के पर्याप्त अवसर नहीं हैं।,rural livelihood,7
There is a serious agriculture-related issue: the road connecting our farms to the main market is badly damaged.,agriculture,1
यह एक गंभीर स्वास्थ्य संबंधी समस्या है: मेरे क्षेत्र के सरकारी अस्पताल में पर्याप्त डॉक्टर नहीं हैं।,healthcare,5
Public service centre mein proper token system nahi hai.,public administration,6
Residents ko accessibility ki problem ho rahi hai kyunki public buses mein proper wheelchair access available nahi hai.,accessibility,0
The drainage water is mixing with the drinking water supply.,water related,9
There is no proper cold storage facility near our village.,agriculture,1
Ek damaged electricity pole abhi tak repair nahi hua hai.,energy,3
स्कूल में शिक्षक अक्सर अनुपस्थित रहते हैं और कोई उचित व्यवस्था नहीं होती।,education,2
Visually impaired passengers ke liye audio announcements nahi hain.,accessibility,0
Ye ek serious agriculture-related issue hai: hamare farms ko main market se connect karne wali road bahut damaged hai.,agriculture,1
Village ke young people ke liye affordable skill development available nahi hai.,rural livelihood,7
The public water tank in our area is not being filled regularly.,water related,9
Students ki sankhya ke hisaab se school mein enough teachers nahi hain.,education,2
Garbage dumping area se bahut strong foul smell aa rahi hai.,environment,4
Important government notices publicly display nahi kiye ja rahe hain.,public administration,6
Rainwater accumulates on the roads because of poor drainage.,urban development,8
अधिकारी जमा किए गए दस्तावेजों के सत्यापन में देरी कर रहे हैं।,public administration,6
Main is problem se pareshan hoon kyunki hospital ki diagnostic testing facility properly work nahi kar rahi hai.,healthcare,5
सरकारी कार्यालय के अधिकारी काम के समय अक्सर उपलब्ध नहीं रहते हैं।,public administration,6
The electricity connection to our community is inadequate.,energy,3
Hamare area ke farmers ko problem ho rahi hai kyunki hamare farms ko main market se connect karne wali road bahut damaged hai.,agriculture,1
Please meri complaint register karein ki concerned department application status update nahi kar raha hai.,public administration,6
The village does not have proper skill training opportunities for young people.,rural livelihood,7
हमारे क्षेत्र का फुटपाथ टूटा हुआ है और चलने में परेशानी होती है।,urban development,8
People in our area are migrating because there are not enough local jobs.,rural livelihood,7
छात्रों को उनकी कक्षाओं की पर्याप्त किताबें नहीं मिल रही हैं।,education,2
हमारे क्षेत्र में कचरा संग्रहण की सेवा नियमित नहीं है।,environment,4
Hamari street ke paas electricity transformer frequently fail ho raha hai.,energy,3
मैं शिकायत दर्ज करना चाहता हूं कि पानी की आपूर्ति का समय अनियमित और असुविधाजनक है।,water related,9
Hamare area mein water supply frequently interrupt hoti hai.,water related,9
ग्रामीण रोजगार योजना के तहत मजदूरों को समय पर मजदूरी नहीं मिल रही है।,rural livelihood,7
The electricity connection to our community is inadequate.,energy,3
Hamare village mein canal water supply irregular hai.,agriculture,1
पानी का टैंकर निर्धारित समय पर नहीं आता है।,water related,9
हमारे गांव में युवाओं के लिए उचित कौशल प्रशिक्षण के अवसर नहीं हैं।,rural livelihood,7
The hospital laboratory does not provide reports on time.,healthcare,5
हमारे क्षेत्र के लोगों को समस्या हो रही है क्योंकि निर्माण कार्य के कारण बहुत अधिक धूल प्रदूषण हो रहा है।,environment,4
वोल्टेज में बार-बार उतार-चढ़ाव से घरेलू उपकरण खराब हो रहे हैं।,energy,3
Hamare area ka community centre poor condition mein hai.,urban development,8
The toilets in the government hospital are dirty and poorly maintained.,healthcare,5
Repeated requests ke baad bhi concerned department ne issue resolve nahi kiya hai.,public administration,6
There is a shortage of agricultural machinery available for farmers.,agriculture,1
स्कूल की इमारत बहुत खराब हालत में है और मरम्मत की जरूरत है।,education,2
हमारे क्षेत्र में कचरा संग्रहण की सेवा नियमित नहीं है।,environment,4
Government website visually disabled people ke liye use karna difficult hai.,accessibility,0
We are facing a problem because classes are being conducted in overcrowded rooms.,education,2
The government website is difficult for people with visual disabilities to use.,accessibility,0
There are not enough teachers for the number of students in the school.,education,2
हमारे क्षेत्र का फुटपाथ व्हीलचेयर उपयोगकर्ताओं के लिए सुलभ नहीं है।,accessibility,0
किसानों को फसल बीमा का भुगतान समय पर नहीं मिल रहा है।,agriculture,1
Municipal water supply inadequate hone ki wajah se residents ko water buy karna pad raha hai.,water related,9
गांव के युवाओं के लिए सस्ती कौशल विकास सुविधाएं उपलब्ध नहीं हैं।,rural livelihood,7
अस्पताल की लैब समय पर जांच रिपोर्ट उपलब्ध नहीं कराती है।,healthcare,5
Hamare area mein proper waste segregation facility nahi hai.,environment,4
There is no proper sanitation facility for students.,education,2
The school building is in poor condition and needs urgent repair.,education,2
पास की फैक्ट्रियों से निकलने वाला धुआं हमारे क्षेत्र में वायु प्रदूषण कर रहा है।,environment,4
Drainage water drinking water pipeline mein mix ho raha hai.,water related,9
सरकारी कार्यालय के अधिकारी काम के समय अक्सर उपलब्ध नहीं रहते हैं।,public administration,6
"Hamare area mein issue ye hai ki school ki electricity supply reliable nahi hai, jiski wajah se classes affect hoti hain.",education,2
There is no proper pedestrian crossing near the school.,urban development,8
हमारे गांव के पास उचित कोल्ड स्टोरेज की सुविधा नहीं है।,agriculture,1
रेलवे स्टेशन पर पर्याप्त सुलभता सुविधाएं नहीं हैं।,accessibility,0
The stairs in the public building do not have a proper handrail.,accessibility,0
There is excessive waiting time at the local government office.,public administration,6
यह एक गंभीर सुलभता संबंधी समस्या है: सरकारी भवन के प्रवेश द्वार पर व्हीलचेयर के लिए रैंप नहीं है।,accessibility,0
स्कूल में छात्रों की संख्या के अनुसार पर्याप्त शिक्षक नहीं हैं।,education,2
Hamare area ke residents ko problem ho rahi hai kyunki newly developed area mein proper public facilities available nahi hain.,urban development,8
सरकारी कार्यालय के अधिकारी काम के समय अक्सर उपलब्ध नहीं रहते हैं।,public administration,6
Hamare locality ki main road ke paas proper drainage nahi hai.,urban development,8
हमारे क्षेत्र में कचरे को अलग करने की उचित व्यवस्था नहीं है।,environment,4
Hamare locality mein proper recycling facility available nahi hai.,environment,4
We are facing a problem because classes are being conducted in overcrowded rooms.,education,2
हमारे क्षेत्र का ट्रांसफॉर्मर ओवरलोड है और बार-बार ट्रिप करता है।,energy,3
Please register my complaint that the local market does not provide adequate support to small rural producers.,rural livelihood,7
School mein students ke liye enough desks aur benches nahi hain.,education,2
There is a serious public administration issue: the local administration has not responded to requests from residents.,public administration,6
The government office staff are not responding to citizen queries.,public administration,6
सार्वजनिक सेवा काउंटर व्हीलचेयर उपयोगकर्ताओं के लिए बहुत ऊंचा है।,accessibility,0
किसानों को फसल की सरकारी खरीद के लिए बहुत देर तक इंतजार करना पड़ता है।,agriculture,1
छात्रों को उनकी कक्षाओं की पर्याप्त किताबें नहीं मिल रही हैं।,education,2
कचरा फेंकने वाली जगह से बहुत तेज बदबू आती है।,environment,4
हमारे क्षेत्र के लोगों को समस्या हो रही है क्योंकि हमारे क्षेत्र में नियमित पानी की आपूर्ति नहीं होती है।,water related,9
There are no audio announcements for visually impaired passengers.,accessibility,0
इस सड़क पर पैदल चलने वालों के लिए उचित फुटपाथ नहीं है।,urban development,8
Please meri complaint register karein ki hamare village mein small businesses ke liye proper facilities ki shortage hai.,rural livelihood,7
There is a shortage of drinking water in our neighbourhood.,water related,9
Hamare area ke residents ko problem ho rahi hai kyunki concerned department application status update nahi kar raha hai.,public administration,6
खुले में कचरा जलाने के कारण हमारे क्षेत्र की हवा बहुत खराब हो गई है।,environment,4
Please register my complaint that the diagnostic testing facility is not working properly.,healthcare,5
Residential buildings ke paas openly waste dump kiya ja raha hai.,environment,4
"The streetlights are switched off at night, making the road unsafe.",energy,3
Important government notices are not displayed publicly.,public administration,6
The government service counter is overcrowded and poorly managed.,public administration,6
Ye ek serious energy-related issue hai: hamare area ki kai streetlights work nahi kar rahi hain.,energy,3
Citizens have to visit the government office multiple times for the same service.,public administration,6
Important government notices publicly display nahi kiye ja rahe hain.,public administration,6
हमारे गांव के लोगों को समस्या हो रही है क्योंकि छोटे ग्रामीण व्यवसायों को पर्याप्त सरकारी सहायता नहीं मिल रही है।,rural livelihood,7
Same service ke liye citizens ko government office ke multiple visits karne padte hain.,public administration,6
Local students ko problem ho rahi hai kyunki classes bahut overcrowded rooms mein conduct ho rahi hain.,education,2
The school building is in poor condition and needs urgent repair.,education,2
School ka playground damaged hai aur safely use nahi ho sakta.,education,2
Farmers ko crop procurement ke liye bahut long wait karna padta hai.,agriculture,1
सरकारी कार्यालय में उचित कतार व्यवस्था नहीं है।,public administration,6
School mein students ko proper mid-day meal nahi mil raha hai.,education,2
The concerned department has not resolved the issue despite repeated requests.,public administration,6
Parked vehicles accessible footpath ko block kar rahe hain.,accessibility,0
Please meri complaint register karein ki hospital mein patients ke liye clean drinking water available nahi hai.,healthcare,5
Local agriculture centre mein fertilizers ki shortage hai.,agriculture,1
Officials submitted documents ki verification mein delay kar rahe hain.,public administration,6
हमारे घर के पास खराब बिजली की केबल अभी तक नहीं बदली गई है।,energy,3
हमारे क्षेत्र के सार्वजनिक कूड़ेदान कचरे से भर गए हैं।,environment,4
Hamare locality mein water pressure bahut low hai.,water related,9
खराब जल निकासी के कारण बारिश का पानी सड़कों पर जमा हो जाता है।,urban development,8
हमारे मोहल्ले में बिजली का वोल्टेज बहुत कम रहता है।,energy,3
The public toilet does not have an accessible facility for disabled people.,accessibility,0
स्थानीय लोगों को समस्या हो रही है क्योंकि अस्पताल में मरीजों के लिए साफ पीने का पानी उपलब्ध नहीं है।,healthcare,5
Main complaint register karna chahta hoon ki local agriculture office farmers ko proper guidance nahi de raha hai.,agriculture,1
स्कूल में छात्रों के लिए पर्याप्त डेस्क और बेंच नहीं हैं।,education,2
Main complaint register karna chahta hoon ki mere area ke farmers ko irrigation ke liye regular water supply nahi mil rahi hai.,agriculture,1
Patients are being asked to buy medicines that should be available at the hospital.,healthcare,5
Hamare village ke farm workers ko enough seasonal employment nahi milta.,rural livelihood,7
Hamare area mein kai days se water supply nahi hui hai.,water related,9
खराब जल निकासी के कारण बारिश का पानी सड़कों पर जमा हो जाता है।,urban development,8
Hamare area ka footpath wheelchair users ke liye accessible nahi hai.,accessibility,0
सार्वजनिक सड़क के पास उचित स्ट्रीट लाइट की व्यवस्था नहीं है।,energy,3
There are large potholes on the main road in our area.,urban development,8
ग्रामीण कारीगरों के लिए अपने उत्पाद बेचने के पर्याप्त अवसर नहीं हैं।,rural livelihood,7
Patients ko woh medicines bahar se buy karni padti hain jo hospital mein available honi chahiye.,healthcare,5
Government procurement centre regularly crops accept nahi kar raha hai.,agriculture,1
Department mein submit ki gayi repeated complaints ka solution nahi hua hai.,public administration,6
"Agricultural fields ke around drainage system poor hai, jiski wajah se waterlogging hoti hai.",agriculture,1
Residents are facing a problem because the hospital does not have clean drinking water for patients.,healthcare,5
Residents in our area are facing a problem because there are no proper public facilities in the newly developed area.,urban development,8
There are not enough public water taps in our area.,water related,9
Health centre mein elderly patients ke liye adequate facilities nahi hain.,healthcare,5
There is no proper token system at the public service centre.,public administration,6
School ki boundary wall damaged hai aur safety issue create kar rahi hai.,education,2
Rainwater accumulates on the roads because of poor drainage.,urban development,8
Farmers ko crop insurance ka payment time par nahi mil raha hai.,agriculture,1
हमारे क्षेत्र का सार्वजनिक पार्क ठीक से बनाए नहीं रखा जाता है।,urban development,8
The village does not have proper skill training opportunities for young people.,rural livelihood,7
सार्वजनिक कार्य पूरा करने के बाद मजदूरों को भुगतान मिलने में देरी हो रही है।,rural livelihood,7
Hamare neighbourhood ki street infrastructure properly maintained nahi hai.,urban development,8
Local agriculture centre mein fertilizers ki shortage hai.,agriculture,1
Municipal water supply inadequate hone ki wajah se residents ko water buy karna pad raha hai.,water related,9
There are large potholes on the main road in our area.,urban development,8
Government office mein submit kiya gaya application abhi tak process nahi hua hai.,public administration,6
Main complaint register karna chahta hoon ki urgent need ke time ambulance service available nahi hoti.,healthcare,5
Our locality has been without electricity for several hours.,energy,3
Hamare locality mein several hours se electricity nahi hai.,energy,3
Hamare area mein civic complaint submit karne ka clear process nahi hai.,public administration,6
Please register my complaint that there is excessive dust pollution because of construction work.,environment,4
हमारे क्षेत्र का सामुदायिक केंद्र खराब स्थिति में है।,urban development,8
Exposed electrical wires are creating a safety risk for residents.,energy,3
Agriculture ke liye electricity supply frequently interrupt hoti hai.,agriculture,1
रिहायशी इमारतों के पास खुले में कचरा डाला जा रहा है।,environment,4
Ye ek serious energy-related issue hai: repeated complaints ke baad bhi power outage continue hai.,energy,3
Students are not getting enough textbooks for their classes.,education,2
I want to complain that the school does not have clean drinking water for students.,education,2
मैं शिकायत दर्ज करना चाहता हूं कि लोगों को सरकारी सेवाओं के बारे में स्पष्ट जानकारी नहीं मिलती है।,public administration,6
The residents are facing an issue because the electricity supply in the school is unreliable and affects classes.,education,2
Farmers ko subsidized seeds lene mein problem ho rahi hai.,agriculture,1
Hamare locality ka footpath broken hai aur use karna difficult hai.,urban development,8
The health centre does not have enough beds for patients.,healthcare,5
The damaged electrical cable near our house has not been replaced.,energy,3
स्थानीय स्वयं सहायता समूहों को समय पर वित्तीय सहायता नहीं मिल रही है।,rural livelihood,7
Please register my complaint that the drinking water pipeline is contaminated.,water related,9
Ye ek serious accessibility issue hai: public buses mein proper wheelchair access available nahi hai.,accessibility,0
Farmers ko crop procurement ke liye bahut long wait karna padta hai.,agriculture,1
Hamari street ke paas electricity transformer frequently fail ho raha hai.,energy,3
कृपया मेरी शिकायत दर्ज करें कि बार-बार शिकायत करने के बावजूद बिजली की कटौती जारी है।,energy,3
मैं शिकायत दर्ज करना चाहता हूं कि लोगों को सरकारी सेवाओं के बारे में स्पष्ट जानकारी नहीं मिलती है।,public administration,6
I want to report that the application status is not being updated by the concerned department.,public administration,6
Hamare area ki public water tank regularly fill nahi hoti hai.,water related,9
The school building is in poor condition and needs urgent repair.,education,2
The garbage collection service is irregular in our area.,environment,4
Elderly aur disabled pedestrians ke liye proper infrastructure nahi hai.,urban development,8
The village does not have proper skill training opportunities for young people.,rural livelihood,7
Hamare locality mein proper recycling facility available nahi hai.,environment,4
बिजली का एक खराब खंभा अभी तक ठीक नहीं किया गया है।,energy,3
Rural workers ko government livelihood schemes ki information time par nahi milti.,rural livelihood,7
Health centre ka waiting area bahut overcrowded hai.,healthcare,5
Please register my complaint that the community water tank is damaged and needs repair.,water related,9
I want to report that ambulance services are not available when urgently needed.,healthcare,5
Workers are facing delays in receiving payments for completed public works.,rural livelihood,7
Main complaint karna chahta hoon ki school mein students ke liye clean drinking water available nahi hai.,education,2
मैं शिकायत दर्ज करना चाहता हूं कि जरूरत के समय एंबुलेंस सेवा उपलब्ध नहीं होती है।,healthcare,5
Teachers are frequently absent from the school without proper arrangement.,education,2
Women entrepreneurs in our village are not receiving proper institutional support.,rural livelihood,7
सरकारी कार्यालय में सेवाओं का अपडेटेड समय प्रदर्शित नहीं किया गया है।,public administration,6
There is no proper queue management at the hospital.,healthcare,5
There is no proper queue management at the hospital.,healthcare,5
The local healthcare centre is closed during its listed working hours.,healthcare,5
The school has very limited computer facilities for students.,education,2
The government procurement centre is not accepting crops regularly.,agriculture,1
School mein students ke liye enough desks aur benches nahi hain.,education,2
Workers are facing delays in receiving payments for completed public works.,rural livelihood,7
Hamari street ke paas electricity transformer frequently fail ho raha hai.,energy,3
Hamare area ke residents ko problem ho rahi hai kyunki local administration ne residents ke requests ka response nahi diya hai.,public administration,6
Main complaint register karna chahta hoon ki hamare locality mein excessive garbage dumping ho rahi hai.,environment,4
सरकारी कार्यालय में जमा किया गया आवेदन अभी तक संसाधित नहीं हुआ है।,public administration,6
Public building ke paas accessible parking space nahi hai.,accessibility,0
The education department has not resolved repeated complaints about the school.,education,2
पानी का टैंकर निर्धारित समय पर नहीं आता है।,water related,9
The hand pump in our locality is broken and has not been repaired.,water related,9
नए विकसित आवासीय क्षेत्र में बुनियादी नागरिक सुविधाओं की कमी है।,urban development,8
Patients are being asked to buy medicines that should be available at the hospital.,healthcare,5
The electricity connection to our community is inadequate.,energy,3
बस स्टॉप पर दिव्यांग लोगों के लिए उचित सुविधाएं नहीं हैं।,accessibility,0
मैं शिकायत दर्ज करना चाहता हूं कि नई बनी सड़क पर पहले से ही दरारें पड़ गई हैं।,urban development,8
There is no proper queue management at the government office.,public administration,6
ग्रामीण युवाओं के लिए पास में कोई व्यावसायिक प्रशिक्षण केंद्र नहीं है।,rural livelihood,7
Students ko unki classes ki enough textbooks nahi mil rahi hain.,education,2
Same service ke liye citizens ko government office ke multiple visits karne padte hain.,public administration,6
स्थानीय तालाब कचरे और प्लास्टिक से प्रदूषित हो गया है।,environment,4
Main complaint register karna chahta hoon ki community water tank damaged hai aur repair ki zarurat hai.,water related,9
The local government employment scheme does not provide work regularly.,rural livelihood,7
पैदल यात्री क्रॉसिंग पर सुलभ सिग्नल की सुविधा नहीं है।,accessibility,0
हमारे क्षेत्र में कई घंटों से बिजली नहीं है।,energy,3
The local mandi does not offer proper facilities for farmers.,agriculture,1
कचरा फेंकने वाली जगह से बहुत तेज बदबू आती है।,environment,4
स्कूल की इमारत बहुत खराब हालत में है और मरम्मत की जरूरत है।,education,2
Hamare neighbourhood ki street infrastructure properly maintained nahi hai.,urban development,8
यह एक गंभीर जल संबंधी समस्या है: पानी की आपूर्ति का समय अनियमित और असुविधाजनक है।,water related,9
सड़क निर्माण का काम कई महीनों से अधूरा पड़ा है।,urban development,8
There is no lift in the public building for people who cannot use stairs.,accessibility,0
Please meri complaint register karein ki hospital ki diagnostic testing facility properly work nahi kar rahi hai.,healthcare,5
Farmers ko crop insurance ka payment time par nahi mil raha hai.,agriculture,1
अस्पताल की लैब समय पर जांच रिपोर्ट उपलब्ध नहीं कराती है।,healthcare,5
Farmers have to wait too long for crop procurement.,agriculture,1
स्कूल के पास पैदल यात्रियों के लिए उचित क्रॉसिंग नहीं है।,urban development,8
Scholarship payments for eligible students have not been received.,education,2
Drainage water drinking water pipeline mein mix ho raha hai.,water related,9
People are burning garbage in the open and causing air pollution.,environment,4
Pipeline leakage repair na hone ki wajah se water waste ho raha hai.,water related,9
There is a lot of plastic waste on the roadside.,environment,4
सार्वजनिक सेवा केंद्र में उचित टोकन व्यवस्था नहीं है।,public administration,6
स्थानीय कृषि केंद्र में खाद की कमी है।,agriculture,1
Unemployment ke time rural workers ko timely assistance nahi milti.,rural livelihood,7
Parked vehicles accessible footpath ko block kar rahe hain.,accessibility,0
दृष्टिबाधित यात्रियों के लिए ऑडियो घोषणा की सुविधा नहीं है।,accessibility,0
दिव्यांग छात्रों के लिए स्कूल में पर्याप्त सुविधाएं नहीं हैं।,education,2
किसानों को सब्सिडी वाले बीज प्राप्त करने में परेशानी हो रही है।,agriculture,1
हमारे क्षेत्र की मुख्य सड़क के किनारे जल निकासी की उचित व्यवस्था नहीं है।,urban development,8
स्थानीय सरकारी कार्यालय में बहुत लंबे समय तक इंतजार करना पड़ता है।,public administration,6
There are no nearby vocational training centres for rural youth.,rural livelihood,7
Residents are facing a problem because the diagnostic testing facility is not working properly.,healthcare,5
Students ko unki classes ki enough textbooks nahi mil rahi hain.,education,2
Students are not receiving proper mid-day meals at the school.,education,2
There is no proper cold storage facility near our village.,agriculture,1
Hamari street ke paas municipal water pipeline leak ho rahi hai.,water related,9
दृष्टिबाधित पैदल यात्रियों के लिए टैक्टाइल पथ नहीं है।,accessibility,0
छात्रों को उनकी कक्षाओं की पर्याप्त किताबें नहीं मिल रही हैं।,education,2
The village irrigation pump is damaged and has not been repaired.,agriculture,1
स्कूल में छात्रों की संख्या के अनुसार पर्याप्त शिक्षक नहीं हैं।,education,2
Please complaint register karein ki mere area ke government school mein proper classroom facility nahi hai.,education,2
हमारे गांव में नहर से पानी की आपूर्ति अनियमित है।,agriculture,1
खुले में कचरा जलाने के कारण हमारे क्षेत्र की हवा बहुत खराब हो गई है।,environment,4
Officials at the public office are frequently unavailable during working hours.,public administration,6
Please meri complaint register karein ki small rural businesses ko adequate government support nahi mil raha hai.,rural livelihood,7
Hamare village ki women entrepreneurs ko proper institutional support nahi mil raha hai.,rural livelihood,7
Public office mein senior citizens ke liye proper assistance available nahi hai.,public administration,6
There is poor drainage along the main road in our locality.,urban development,8
सार्वजनिक भवन में सीढ़ियों का उपयोग न कर पाने वाले लोगों के लिए लिफ्ट नहीं है।,accessibility,0
Young people in the village do not have access to affordable skill development.,rural livelihood,7
The toilets in the government hospital are dirty and poorly maintained.,healthcare,5
Disabled students ke liye school mein adequate facilities nahi hain.,education,2
Hamare area ka public park properly maintained nahi hai.,urban development,8
The footpath in our area is not accessible for wheelchair users.,accessibility,0
कीटों के हमले से फसल खराब हो रही है और समय पर सहायता नहीं मिल रही है।,agriculture,1
Please register my complaint that there are no proper public facilities in the newly developed area.,urban development,8
Hamare village mein canal water supply irregular hai.,agriculture,1
The electricity supply in our area is very unreliable.,energy,3
The public office does not provide proper assistance to senior citizens.,public administration,6
The local park is filled with litter and waste.,environment,4
The school does not have adequate desks and benches for students.,education,2
The drainage water is mixing with the drinking water supply.,water related,9
हमारे क्षेत्र में कई दिनों से पानी की आपूर्ति नहीं हुई है।,water related,9
Disabled students ke liye school mein adequate facilities nahi hain.,education,2
सार्वजनिक कार्य पूरा करने के बाद मजदूरों को भुगतान मिलने में देरी हो रही है।,rural livelihood,7
Public office mein senior citizens ke liye proper assistance available nahi hai.,public administration,6
People in our area are migrating because there are not enough local jobs.,rural livelihood,7
यह एक गंभीर ग्रामीण आजीविका संबंधी समस्या है: हमारे गांव में छोटे व्यवसायों के लिए उचित सुविधाओं की कमी है।,rural livelihood,7
There is no proper pedestrian crossing near the school.,urban development,8
सरकारी क्लिनिक में डॉक्टरों के आने का समय नियमित नहीं है।,healthcare,5
Local administration ne hamare village mein livelihood opportunities ki shortage solve nahi ki hai.,rural livelihood,7
Residents are facing a problem because the government hospital in my area does not have enough doctors.,healthcare,5
यह एक गंभीर ऊर्जा संबंधी समस्या है: हमारे क्षेत्र में बार-बार बिजली कटौती होती है।,energy,3
अस्पताल में मरीजों के लिए उचित कतार व्यवस्था नहीं है।,healthcare,5
Hamare area mein proper waste segregation facility nahi hai.,environment,4
Hamare area ka public park properly maintained nahi hai.,urban development,8
Household hazardous waste collect karne ka proper system nahi hai.,environment,4
The electricity connection to our community is inadequate.,energy,3
हमारे क्षेत्र के किसानों को समस्या हो रही है क्योंकि छोटे किसानों के लिए खाद की कीमतें बहुत अधिक हैं।,agriculture,1
किसानों को मंडी में अपनी फसलों का उचित मूल्य नहीं मिल रहा है।,agriculture,1
मैं शिकायत दर्ज करना चाहता हूं कि हमारे क्षेत्र में नियमित पानी की आपूर्ति नहीं होती है।,water related,9
Workers are not receiving their wages on time under the rural employment scheme.,rural livelihood,7
There are parked vehicles blocking the accessible footpath.,accessibility,0
हमारे क्षेत्र में रीसाइक्लिंग की उचित सुविधा उपलब्ध नहीं है।,environment,4
There are large potholes on the main road in our area.,urban development,8
The municipal water pipeline is leaking near our street.,water related,9
Hospital mein emergency services properly available nahi hain.,healthcare,5
The water supply is interrupted frequently in our area.,water related,9
सार्वजनिक भवन में सीढ़ियों का उपयोग न कर पाने वाले लोगों के लिए लिफ्ट नहीं है।,accessibility,0
Hospital mein emergency services properly available nahi hain.,healthcare,5
Government office mein submit kiya gaya application abhi tak process nahi hua hai.,public administration,6
The toilets in the school are dirty and not maintained.,education,2
Hamare locality mein proper recycling facility available nahi hai.,environment,4
हमारी गली के पास नगर निगम की पानी की पाइपलाइन लीक हो रही है।,water related,9
The electricity supply in our area is very unreliable.,energy,3
Hamare locality ka hand pump kharab hai aur repair nahi hua hai.,water related,9
बस स्टॉप पर दिव्यांग लोगों के लिए उचित सुविधाएं नहीं हैं।,accessibility,0
बिजली का एक खराब खंभा अभी तक ठीक नहीं किया गया है।,energy,3
Hamare locality mein several hours se electricity nahi hai.,energy,3
स्कूल के पास पैदल यात्रियों के लिए उचित क्रॉसिंग नहीं है।,urban development,8
हमारे क्षेत्र में आने वाले पानी में दिखाई देने वाली गंदगी है।,water related,9
The local government employment scheme does not provide work regularly.,rural livelihood,7
अस्पताल में आपातकालीन सेवाएं ठीक से उपलब्ध नहीं हैं।,healthcare,5
Ye ek serious environmental issue hai: construction work ki wajah se excessive dust pollution ho raha hai.,environment,4
Repeated requests ke baad bhi concerned department ne issue resolve nahi kiya hai.,public administration,6
नगर निगम की पानी की आपूर्ति पर्याप्त नहीं होने के कारण लोगों को पानी खरीदना पड़ रहा है।,water related,9
School ki boundary wall damaged hai aur safety issue create kar rahi hai.,education,2
अस्पताल में आपातकालीन सेवाएं ठीक से उपलब्ध नहीं हैं।,healthcare,5
महत्वपूर्ण सरकारी सूचनाएं सार्वजनिक रूप से प्रदर्शित नहीं की जाती हैं।,public administration,6
The government website is difficult for people with visual disabilities to use.,accessibility,0
There is no proper street lighting near the public road.,energy,3
स्थानीय नागरिक सुविधा में पर्याप्त सुलभता सहायता उपलब्ध नहीं है।,accessibility,0
हमारी गली के पास बिजली का ट्रांसफॉर्मर बार-बार खराब हो जाता है।,energy,3
There is no clear process for submitting civic complaints in our area.,public administration,6
यह एक गंभीर सुलभता संबंधी समस्या है: सार्वजनिक बसों में व्हीलचेयर के लिए उचित प्रवेश सुविधा नहीं है।,accessibility,0
The trees in our area are being cut without proper replacement.,environment,4
पानी का टैंकर निर्धारित समय पर नहीं आता है।,water related,9
Government clinic mein doctor timings regular nahi hain.,healthcare,5
Health centre ka waiting area bahut overcrowded hai.,healthcare,5
Hamare area mein supply hone wale water mein visible dirt hai.,water related,9
Tap water se bad smell aa rahi hai aur ye drinking ke liye safe nahi hai.,water related,9
Workers are facing delays in receiving payments for completed public works.,rural livelihood,7
Government procurement centre regularly crops accept nahi kar raha hai.,agriculture,1
We are experiencing low voltage in our neighbourhood.,energy,3
Our locality has been without electricity for several hours.,energy,3
हमारे क्षेत्र में पर्याप्त सार्वजनिक नल नहीं हैं।,water related,9
Public office mein updated service timings display nahi kiye gaye hain.,public administration,6
Government procurement centre regularly crops accept nahi kar raha hai.,agriculture,1
"खेतों के आसपास जल निकासी की व्यवस्था खराब है, जिससे जलभराव होता है।",agriculture,1
Main is problem se pareshan hoon kyunki hamare farms ko main market se connect karne wali road bahut damaged hai.,agriculture,1
मैं इस समस्या से परेशान हूं क्योंकि नए विकसित क्षेत्र में उचित सार्वजनिक सुविधाएं उपलब्ध नहीं हैं।,urban development,8
There is a loose electricity wire hanging near the road.,energy,3
छात्रों को उनकी कक्षाओं की पर्याप्त किताबें नहीं मिल रही हैं।,education,2
Hamare area mein garbage collection service regular nahi hai.,environment,4
Main is problem se pareshan hoon kyunki urgent need ke time ambulance service available nahi hoti.,healthcare,5
The public office does not provide proper assistance to senior citizens.,public administration,6
सड़क के किनारे निर्माण सामग्री का कचरा डाला गया है।,environment,4
Public office mein senior citizens ke liye proper assistance available nahi hai.,public administration,6
Hamare village mein young people ke liye proper skill training opportunities nahi hain.,rural livelihood,7
The tap water has a bad smell and is not safe to drink.,water related,9
स्कूल के शौचालय गंदे हैं और उनकी सफाई नहीं होती।,education,2
Hamare community ka electricity connection adequate nahi hai.,energy,3
स्कूल के शौचालय गंदे हैं और उनकी सफाई नहीं होती।,education,2
ग्रामीण कारीगरों के लिए अपने उत्पाद बेचने के पर्याप्त अवसर नहीं हैं।,rural livelihood,7
There is a shortage of agricultural machinery available for farmers.,agriculture,1
कृपया मेरी शिकायत दर्ज करें कि नए विकसित क्षेत्र में उचित सार्वजनिक सुविधाएं उपलब्ध नहीं हैं।,urban development,8
हमारे क्षेत्र के सार्वजनिक कूड़ेदान कचरे से भर गए हैं।,environment,4
स्थानीय स्वास्थ्य केंद्र निर्धारित समय में खुला नहीं रहता है।,healthcare,5
हमारे क्षेत्र के लोगों को समस्या हो रही है क्योंकि स्थानीय प्रशासन ने निवासियों के अनुरोधों का जवाब नहीं दिया है।,public administration,6
Hospital mein patients ko handle karne ke liye enough nurses nahi hain.,healthcare,5
Hamare locality mein proper recycling facility available nahi hai.,environment,4
There is a serious accessibility issue: public buses do not provide proper wheelchair access.,accessibility,0
Ye ek serious healthcare issue hai: hospital mein patients ke liye clean drinking water available nahi hai.,healthcare,5
हमारे मोहल्ले में पीने के पानी की कमी है।,water related,9
There is a serious healthcare issue: the hospital does not have clean drinking water for patients.,healthcare,5
Government employment programme mein eligible workers ka proper registration nahi ho raha.,rural livelihood,7
I am facing an issue because small rural businesses are not receiving adequate government support.,rural livelihood,7
Government procurement centre regularly crops accept nahi kar raha hai.,agriculture,1
Local residents ko problem ho rahi hai kyunki hospital ki diagnostic testing facility properly work nahi kar rahi hai.,healthcare,5
The school playground is damaged and cannot be used safely.,education,2
Tap water se bad smell aa rahi hai aur ye drinking ke liye safe nahi hai.,water related,9
The public service counter is too high for wheelchair users.,accessibility,0
School ki building bahut kharab condition mein hai aur repair ki zarurat hai.,education,2
हमारे क्षेत्र की सार्वजनिक सुविधा में बिजली की विश्वसनीय आपूर्ति नहीं है।,energy,3
सार्वजनिक भवन के पास दिव्यांग लोगों के लिए आरक्षित पार्किंग नहीं है।,accessibility,0
कचरा फेंकने वाली जगह से बहुत तेज बदबू आती है।,environment,4
Residential buildings ke paas openly waste dump kiya ja raha hai.,environment,4
Hamare neighbourhood mein drinking water ki shortage hai.,water related,9
Government service counter overcrowded hai aur management poor hai.,public administration,6
Please meri complaint register karein ki local market small rural producers ko adequate support nahi deta hai.,rural livelihood,7
Bad weather ke time power supply unstable ho jati hai.,energy,3
The transformer in our area is overloaded and frequently trips.,energy,3
Water is being wasted because of an unrepaired pipeline leak.,water related,9
हमारे क्षेत्र में कचरे को अलग करने की उचित व्यवस्था नहीं है।,environment,4
The trees in our area are being cut without proper replacement.,environment,4
Farmers are not getting timely information about government agriculture schemes.,agriculture,1
हमारे क्षेत्र में पानी का दबाव बहुत कम है।,water related,9
हमारे क्षेत्र के लोगों को समस्या हो रही है क्योंकि पीने के पानी की पाइपलाइन दूषित हो गई है।,water related,9
Village ka irrigation pump damaged hai aur abhi tak repair nahi hua.,agriculture,1
Hamare village ke paas proper cold storage facility nahi hai.,agriculture,1
Please meri complaint register karein ki urgent need ke time ambulance service available nahi hoti.,healthcare,5
Rural workers ko government livelihood schemes ki information time par nahi milti.,rural livelihood,7
There is no proper grievance desk at the local government office.,public administration,6
कृपया मेरी शिकायत दर्ज करें कि सड़क पर ऐसी बाधाएं हैं जिनसे व्हीलचेयर उपयोगकर्ताओं को गुजरने में परेशानी होती है।,accessibility,0
The public water tank in our area is not being filled regularly.,water related,9
There is a serious water-related issue: the community water tank is damaged and needs repair.,water related,9
स्कूल में विज्ञान प्रयोगशाला के लिए जरूरी उपकरण नहीं हैं।,education,2
एक ही सेवा के लिए नागरिकों को सरकारी कार्यालय के कई चक्कर लगाने पड़ते हैं।,public administration,6
बेरोजगारी के समय ग्रामीण श्रमिकों को समय पर सहायता नहीं मिलती है।,rural livelihood,7
सड़क के किनारे निर्माण सामग्री का कचरा डाला गया है।,environment,4
The school does not have adequate desks and benches for students.,education,2
Village ke young people ke liye affordable skill development available nahi hai.,rural livelihood,7
Rural workers are not getting timely assistance during periods of unemployment.,rural livelihood,7
कचरा फेंकने वाली जगह से बहुत तेज बदबू आती है।,environment,4
Important government notices publicly display nahi kiye ja rahe hain.,public administration,6
Please meri complaint register karein ki urgent need ke time ambulance service available nahi hoti.,healthcare,5
विभाग में दर्ज की गई बार-बार की शिकायतों का समाधान नहीं किया गया है।,public administration,6
हमारे क्षेत्र का फुटपाथ टूटा हुआ है और चलने में परेशानी होती है।,urban development,8
स्कूल में छात्रों की संख्या के अनुसार पर्याप्त शिक्षक नहीं हैं।,education,2
Hamare neighbourhood mein drinking water ki shortage hai.,water related,9
Hamare area mein water supply frequently interrupt hoti hai.,water related,9
हमारे क्षेत्र के सार्वजनिक कूड़ेदान कचरे से भर गए हैं।,environment,4
Residents in our area are facing a problem because there is excessive dust pollution because of construction work.,environment,4
हमारे क्षेत्र में लगाई गई सोलर स्ट्रीट लाइटें काम नहीं कर रही हैं।,energy,3
हमारे क्षेत्र के लोगों को समस्या हो रही है क्योंकि संबंधित विभाग द्वारा आवेदन की स्थिति अपडेट नहीं की जा रही है।,public administration,6
सार्वजनिक भवन की सीढ़ियों पर उचित हैंडरेल नहीं है।,accessibility,0
सरकारी अस्पताल के शौचालय गंदे हैं और उनकी उचित सफाई नहीं होती।,healthcare,5
Main is problem se pareshan hoon kyunki hamare locality mein regular water supply nahi hai.,water related,9
Residents in our area are facing a problem because the drinking water pipeline is contaminated.,water related,9
स्कूल में छात्रों के लिए पर्याप्त डेस्क और बेंच नहीं हैं।,education,2
Residents in our village are facing a problem because the local market does not provide adequate support to small rural producers.,rural livelihood,7
Hospital premises ki regular cleaning nahi hoti hai.,healthcare,5
स्वास्थ्य केंद्र में मरीजों के लिए पर्याप्त बेड नहीं हैं।,healthcare,5
The government office does not have an accessible entrance.,accessibility,0
Hamare area mein kai days se water supply nahi hui hai.,water related,9
Students are not getting enough textbooks for their classes.,education,2
School mein basic science laboratory equipment available nahi hai.,education,2
स्वास्थ्य केंद्र का प्रतीक्षालय बहुत अधिक भीड़भाड़ वाला है।,healthcare,5
There is a serious rural livelihood issue: the local market does not provide adequate support to small rural producers.,rural livelihood,7
सार्वजनिक सड़क के पास उचित स्ट्रीट लाइट की व्यवस्था नहीं है।,energy,3
There is a lot of plastic waste on the roadside.,environment,4
नगर निगम की पाइपलाइन से गंदा पानी आ रहा है।,water related,9
स्कूल में छात्रों को उचित मध्याह्न भोजन नहीं मिल रहा है।,education,2
कृपया मेरी शिकायत दर्ज करें कि संबंधित विभाग द्वारा आवेदन की स्थिति अपडेट नहीं की जा रही है।,public administration,6
हमारे क्षेत्र में कई घंटों से बिजली नहीं है।,energy,3
The hospital premises are not cleaned regularly.,healthcare,5
कृपया मेरी शिकायत दर्ज करें कि सरकारी भवन के प्रवेश द्वार पर व्हीलचेयर के लिए रैंप नहीं है।,accessibility,0
स्वास्थ्य केंद्र का प्रतीक्षालय बहुत अधिक भीड़भाड़ वाला है।,healthcare,5
Farmers are not getting fair prices for their crops at the mandi.,agriculture,1
Hamare neighbourhood mein voltage bahut low aa raha hai.,energy,3
मुख्य सड़क का डिवाइडर टूट गया है और असुरक्षित है।,urban development,8
The air quality has become very poor because of open waste burning.,environment,4
Poor drainage ki wajah se rainwater roads par collect ho jata hai.,urban development,8
I am facing an issue because there are not enough employment opportunities for people in our village.,rural livelihood,7
हमारे गांव के लोगों को समस्या हो रही है क्योंकि हमारे गांव में लोगों के लिए रोजगार के पर्याप्त अवसर नहीं हैं।,rural livelihood,7
Hamare locality ke playground ko urgent repair ki zarurat hai.,urban development,8
हमारे क्षेत्र में पानी की आपूर्ति बार-बार बाधित होती है।,water related,9
मैं शिकायत दर्ज करना चाहता हूं कि हमारे क्षेत्र में सार्वजनिक बैठने की जगह खराब हो गई है।,urban development,8
Exposed electrical wires are creating a safety risk for residents.,energy,3
स्वास्थ्य केंद्र में बुजुर्ग मरीजों के लिए पर्याप्त सुविधाएं नहीं हैं।,healthcare,5
स्वास्थ्य केंद्र में बुजुर्ग मरीजों के लिए पर्याप्त सुविधाएं नहीं हैं।,healthcare,5
हमारे क्षेत्र में बिजली की आपूर्ति बहुत अनियमित है।,energy,3
यह एक गंभीर स्वास्थ्य संबंधी समस्या है: अस्पताल में मरीजों के लिए साफ पीने का पानी उपलब्ध नहीं है।,healthcare,5
Rural employment scheme ke under workers ko wages time par nahi mil rahi hain.,rural livelihood,7
"लोग खुले में कचरा जला रहे हैं, जिससे वायु प्रदूषण हो रहा है।",environment,4
Water tanker scheduled time par nahi aata hai.,water related,9
स्थानीय पार्क में कचरा और गंदगी फैली हुई है।,environment,4
School ke toilets bahut dirty hain aur unki maintenance nahi hoti.,education,2
The hospital premises are not cleaned regularly.,healthcare,5
अस्पताल में मरीजों को बहुत लंबे समय तक इंतजार करना पड़ता है।,healthcare,5
Local jobs ki shortage ki wajah se hamare area ke log migrate kar rahe hain.,rural livelihood,7
Citizens have to visit the government office multiple times for the same service.,public administration,6
स्थानीय लोगों को समस्या हो रही है क्योंकि मेरे क्षेत्र के सरकारी अस्पताल में पर्याप्त डॉक्टर नहीं हैं।,healthcare,5
कृपया मेरी शिकायत दर्ज करें कि सामुदायिक पानी की टंकी खराब है और उसकी मरम्मत की जरूरत है।,water related,9
Main complaint karna chahta hoon ki school mein students ke liye clean drinking water available nahi hai.,education,2
कृषि के लिए बिजली की आपूर्ति बार-बार बाधित होती है।,agriculture,1
हमारे गांव के पास उचित कोल्ड स्टोरेज की सुविधा नहीं है।,agriculture,1
Farmers ko government agriculture schemes ki information time par nahi milti.,agriculture,1
The local park is filled with litter and waste.,environment,4
ग्रामीण युवाओं के लिए पास में कोई व्यावसायिक प्रशिक्षण केंद्र नहीं है।,rural livelihood,7
Please register my complaint that the road has obstacles that make it difficult for wheelchair users to pass.,accessibility,0
Pedestrian crossing par accessible signal available nahi hai.,accessibility,0
हमारे क्षेत्र के खेल मैदान की तुरंत मरम्मत की जरूरत है।,urban development,8
Our locality has been without water for several days.,water related,9
फसल खराब होने से प्रभावित किसानों को मुआवजा नहीं मिला है।,agriculture,1
सार्वजनिक सड़क के पास उचित स्ट्रीट लाइट की व्यवस्था नहीं है।,energy,3
सार्वजनिक शौचालय में दिव्यांग लोगों के लिए उचित सुविधा नहीं है।,accessibility,0
The local civic facility does not provide adequate accessibility support.,accessibility,0
The waiting area at the health centre is overcrowded.,healthcare,5
Water tanker scheduled time par nahi aata hai.,water related,9
The local administration has not addressed the shortage of livelihood opportunities in our village.,rural livelihood,7
I want to report that the electricity outage continues despite repeated complaints.,energy,3
Local government employment scheme mein regularly work nahi milta hai.,rural livelihood,7
There is no proper queue management at the hospital.,healthcare,5
There is very low water pressure in our locality.,water related,9
The school playground is damaged and cannot be used safely.,education,2
यह एक गंभीर ऊर्जा संबंधी समस्या है: बिजली मीटर लगाने का अनुरोध अभी तक पूरा नहीं हुआ है।,energy,3
Rural workers ko government livelihood schemes ki information time par nahi milti.,rural livelihood,7
Bad weather ke time power supply unstable ho jati hai.,energy,3
Local residents ko problem ho rahi hai kyunki mere area ke government hospital mein enough doctors nahi hain.,healthcare,5
Hamare area mein supply hone wale water mein visible dirt hai.,water related,9
ग्रामीण युवाओं के लिए पास में कोई व्यावसायिक प्रशिक्षण केंद्र नहीं है।,rural livelihood,7
स्कूल में छात्रों की संख्या के अनुसार पर्याप्त शिक्षक नहीं हैं।,education,2
There are no audio announcements for visually impaired passengers.,accessibility,0
स्थानीय मंडी में किसानों के लिए उचित सुविधाएं नहीं हैं।,agriculture,1
There is a shortage of drinking water in our neighbourhood.,water related,9
Hamare area ki public water tank regularly fill nahi hoti hai.,water related,9
Hamare locality ka hand pump kharab hai aur repair nahi hua hai.,water related,9
Hamare locality ki main road ke paas proper drainage nahi hai.,urban development,8
हमारे क्षेत्र में कई घंटों से बिजली नहीं है।,energy,3
The government office staff are not responding to citizen queries.,public administration,6
सड़क के किनारे बहुत अधिक प्लास्टिक कचरा पड़ा है।,environment,4
Local administration ne hamare village mein livelihood opportunities ki shortage solve nahi ki hai.,rural livelihood,7
The air quality has become very poor because of open waste burning.,environment,4
The street infrastructure in our neighbourhood is poorly maintained.,urban development,8
The road construction work has been left incomplete for months.,urban development,8
Government health centre mein medicines ki shortage hai.,healthcare,5
Main is problem se pareshan hoon kyunki community water tank damaged hai aur repair ki zarurat hai.,water related,9
The divider on the main road is damaged and unsafe.,urban development,8
The health centre does not have enough beds for patients.,healthcare,5
Hospital laboratory time par reports provide nahi karti hai.,healthcare,5
There is no proper pedestrian crossing near the school.,urban development,8
स्कूल में विज्ञान प्रयोगशाला के लिए जरूरी उपकरण नहीं हैं।,education,2
Residents in our area are facing a problem because the public seating area in our locality is damaged.,urban development,8
Hamare area ka public park properly maintained nahi hai.,urban development,8
हमारे गांव के खेतिहर मजदूरों को पर्याप्त मौसमी रोजगार नहीं मिलता है।,rural livelihood,7
बार-बार अनुरोध करने के बावजूद संबंधित विभाग ने समस्या का समाधान नहीं किया है।,public administration,6
हमारे क्षेत्र में आने वाले पानी में दिखाई देने वाली गंदगी है।,water related,9
The newly developed residential area lacks basic civic infrastructure.,urban development,8
There is no proper pedestrian crossing near the school.,urban development,8
Hamare area ke residents ko problem ho rahi hai kyunki hamare area ka government office services time par provide nahi karta.,public administration,6
There is excessive waiting time at the local government office.,public administration,6
People are burning garbage in the open and causing air pollution.,environment,4
स्कूल का खेल मैदान खराब है और सुरक्षित रूप से उपयोग नहीं किया जा सकता।,education,2
Residents are facing a problem because the government hospital in my area does not have enough doctors.,healthcare,5
There is no accessible parking space near the public building.,accessibility,0
दृष्टिबाधित पैदल यात्रियों के लिए टैक्टाइल पथ नहीं है।,accessibility,0
Please register my complaint that the electricity meter installation request has not been processed.,energy,3
हमारे क्षेत्र की मुख्य सड़क के किनारे जल निकासी की उचित व्यवस्था नहीं है।,urban development,8
Farmers ko subsidized seeds lene mein problem ho rahi hai.,agriculture,1
Hamare locality ki main road ke paas proper drainage nahi hai.,urban development,8
Garbage dumping area se bahut strong foul smell aa rahi hai.,environment,4
The public office does not display updated service timings.,public administration,6
स्कूल में छात्रों के लिए उचित स्वच्छता की व्यवस्था नहीं है।,education,2
There is very low water pressure in our locality.,water related,9
Ye ek serious environmental issue hai: construction work ki wajah se excessive dust pollution ho raha hai.,environment,4
सड़क निर्माण का काम कई महीनों से अधूरा पड़ा है।,urban development,8
हमारे क्षेत्र का फुटपाथ टूटा हुआ है और चलने में परेशानी होती है।,urban development,8
स्थानीय प्रशासन ने हमारे गांव में आजीविका के अवसरों की कमी का समाधान नहीं किया है।,rural livelihood,7
School mein students ko proper mid-day meal nahi mil raha hai.,education,2
दृष्टिबाधित पैदल यात्रियों के लिए टैक्टाइल पथ नहीं है।,accessibility,0
हमारे मोहल्ले में पीने के पानी की कमी है।,water related,9
Hamare locality mein several hours se electricity nahi hai.,energy,3
हमारे क्षेत्र में कचरा संग्रहण की सेवा नियमित नहीं है।,environment,4
अस्पताल में आपातकालीन सेवाएं ठीक से उपलब्ध नहीं हैं।,healthcare,5
The public facility in our area does not have a reliable power supply.,energy,3
Please meri complaint register karein ki repeated complaints ke baad bhi power outage continue hai.,energy,3
The school lacks basic science laboratory equipment.,education,2
हमारे क्षेत्र के लोगों को समस्या हो रही है क्योंकि नए विकसित क्षेत्र में उचित सार्वजनिक सुविधाएं उपलब्ध नहीं हैं।,urban development,8
Hamare locality ka footpath broken hai aur use karna difficult hai.,urban development,8
Farmers ko government agriculture schemes ki information time par nahi milti.,agriculture,1
Main is problem se pareshan hoon kyunki hamare area ka government office services time par provide nahi karta.,public administration,6
स्कूल में छात्रों के लिए उचित स्वच्छता की व्यवस्था नहीं है।,education,2
सार्वजनिक कार्य पूरा करने के बाद मजदूरों को भुगतान मिलने में देरी हो रही है।,rural livelihood,7
The drainage system around agricultural fields is poor and causes waterlogging.,agriculture,1
Pipeline leakage repair na hone ki wajah se water waste ho raha hai.,water related,9
The railway station does not have adequate accessibility facilities.,accessibility,0
स्थानीय स्वास्थ्य केंद्र निर्धारित समय में खुला नहीं रहता है।,healthcare,5
वोल्टेज में बार-बार उतार-चढ़ाव से घरेलू उपकरण खराब हो रहे हैं।,energy,3
स्थानीय नागरिक सुविधा में पर्याप्त सुलभता सहायता उपलब्ध नहीं है।,accessibility,0
Pest attacks ki wajah se crops damage ho rahi hain aur timely support nahi mil raha.,agriculture,1
Local government employment scheme mein regularly work nahi milta hai.,rural livelihood,7
Rural workers are not getting timely assistance during periods of unemployment.,rural livelihood,7
मैं शिकायत दर्ज करना चाहता हूं कि अस्पताल में मरीजों के लिए साफ पीने का पानी उपलब्ध नहीं है।,healthcare,5
Government clinic mein doctor timings regular nahi hain.,healthcare,5
हमारे क्षेत्र का सामुदायिक केंद्र खराब स्थिति में है।,urban development,8
स्कूल के शौचालय गंदे हैं और उनकी सफाई नहीं होती।,education,2
हमारे क्षेत्र में लगाई गई सोलर स्ट्रीट लाइटें काम नहीं कर रही हैं।,energy,3
Government office staff citizen queries ka response nahi karta.,public administration,6
Hamare area ka footpath wheelchair users ke liye accessible nahi hai.,accessibility,0
हमारे मोहल्ले में बिजली का वोल्टेज बहुत कम रहता है।,energy,3
Elderly aur disabled pedestrians ke liye proper infrastructure nahi hai.,urban development,8
मरीजों को वे दवाइयां बाहर से खरीदने के लिए कहा जाता है जो अस्पताल में उपलब्ध होनी चाहिए।,healthcare,5
Local jobs ki shortage ki wajah se hamare area ke log migrate kar rahe hain.,rural livelihood,7
Workers are not receiving their wages on time under the rural employment scheme.,rural livelihood,7
मैं शिकायत दर्ज करना चाहता हूं कि हमारे क्षेत्र में बार-बार बिजली कटौती होती है।,energy,3
Government office mein proper queue management nahi hai.,public administration,6
Main complaint karna chahta hoon ki school mein students ke liye clean drinking water available nahi hai.,education,2
I want to report that public buses do not provide proper wheelchair access.,accessibility,0
Hamare area mein trees cut kiye ja rahe hain aur replacement mein naye trees nahi lagaye ja rahe.,environment,4
पाइपलाइन की लीकेज ठीक नहीं होने के कारण पानी बर्बाद हो रहा है।,water related,9
Women entrepreneurs in our village are not receiving proper institutional support.,rural livelihood,7
यह एक गंभीर पर्यावरण संबंधी समस्या है: स्थानीय जल स्रोत में सीवेज और कचरा डाला जा रहा है।,environment,4
हमारे क्षेत्र के सार्वजनिक कूड़ेदान कचरे से भर गए हैं।,environment,4
Farmers are not getting timely information about government agriculture schemes.,agriculture,1
नगर निगम की पानी की आपूर्ति पर्याप्त नहीं होने के कारण लोगों को पानी खरीदना पड़ रहा है।,water related,9
Main is problem se pareshan hoon kyunki mere area ke government hospital mein enough doctors nahi hain.,healthcare,5
Hamare locality mein water pressure bahut low hai.,water related,9
The government website is difficult for people with visual disabilities to use.,accessibility,0
The public water tank in our area is not being filled regularly.,water related,9
The government employment programme is not registering eligible workers properly.,rural livelihood,7
Rural workers ko government livelihood schemes ki information time par nahi milti.,rural livelihood,7
Hospital mein disabled people ke liye proper facilities nahi hain.,healthcare,5
The transformer in our area is overloaded and frequently trips.,energy,3
Farmers are facing difficulty getting subsidized seeds.,agriculture,1
Pest attacks ki wajah se crops damage ho rahi hain aur timely support nahi mil raha.,agriculture,1
स्थानीय सरकारी कार्यालय में बहुत लंबे समय तक इंतजार करना पड़ता है।,public administration,6
Farmers ko crop procurement ke liye bahut long wait karna padta hai.,agriculture,1
हमारे मोहल्ले की सड़क और अन्य बुनियादी सुविधाओं का रखरखाव खराब है।,urban development,8
There are frequent voltage fluctuations damaging household appliances.,energy,3
School mein students ke liye enough desks aur benches nahi hain.,education,2
हमारी गली के पास बिजली का ट्रांसफॉर्मर बार-बार खराब हो जाता है।,energy,3
Waste is being dumped openly near residential buildings.,environment,4
सरकारी कार्यालय का स्टाफ नागरिकों के सवालों का जवाब नहीं देता है।,public administration,6
Crop damage compensation has not been provided to affected farmers.,agriculture,1
स्कूल का खेल मैदान खराब है और सुरक्षित रूप से उपयोग नहीं किया जा सकता।,education,2
मरीजों को वे दवाइयां बाहर से खरीदने के लिए कहा जाता है जो अस्पताल में उपलब्ध होनी चाहिए।,healthcare,5
Farm workers in our village are not getting enough seasonal employment.,rural livelihood,7
Public works complete karne ke baad workers ko payment milne mein delay ho raha hai.,rural livelihood,7
वोल्टेज में बार-बार उतार-चढ़ाव से घरेलू उपकरण खराब हो रहे हैं।,energy,3
स्थानीय लोगों को सुलभता की समस्या हो रही है क्योंकि सार्वजनिक बसों में व्हीलचेयर के लिए उचित प्रवेश सुविधा नहीं है।,accessibility,0
Hamare area ka transformer overloaded hai aur frequently trip karta hai.,energy,3
हमारे क्षेत्र में कई दिनों से पानी की आपूर्ति नहीं हुई है।,water related,9
दृष्टिबाधित पैदल यात्रियों के लिए टैक्टाइल पथ नहीं है।,accessibility,0
मैं शिकायत करना चाहता हूं कि स्कूल में छात्रों के लिए साफ पीने का पानी उपलब्ध नहीं है।,education,2
सरकारी कार्यालय के अधिकारी काम के समय अक्सर उपलब्ध नहीं रहते हैं।,public administration,6
The hospital laboratory does not provide reports on time.,healthcare,5
I want to report that farmers in my area are not getting a reliable supply of irrigation water.,agriculture,1
Crop damage compensation has not been provided to affected farmers.,agriculture,1
Public building ki stairs par proper handrail nahi hai.,accessibility,0
यह एक गंभीर सार्वजनिक प्रशासन संबंधी समस्या है: लोगों को सरकारी सेवाओं के बारे में स्पष्ट जानकारी नहीं मिलती है।,public administration,6
Exposed electrical wires residents ke liye safety risk create kar rahe hain.,energy,3
The agricultural electricity supply is frequently interrupted.,agriculture,1
The public office does not display updated service timings.,public administration,6
स्कूल में छात्रों के लिए पर्याप्त डेस्क और बेंच नहीं हैं।,education,2
मैं इस समस्या से परेशान हूं क्योंकि हमारे गांव में लोगों के लिए रोजगार के पर्याप्त अवसर नहीं हैं।,rural livelihood,7
किसानों को फसल बीमा का भुगतान समय पर नहीं मिल रहा है।,agriculture,1
अस्पताल परिसर की नियमित रूप से सफाई नहीं होती है।,healthcare,5
Main is problem se pareshan hoon kyunki small rural businesses ko adequate government support nahi mil raha hai.,rural livelihood,7
Municipal pipeline se residents ko dirty water mil raha hai.,water related,9
बुजुर्गों और दिव्यांग पैदल यात्रियों के लिए उचित बुनियादी सुविधाएं नहीं हैं।,urban development,8
हमारे क्षेत्र का सामुदायिक केंद्र खराब स्थिति में है।,urban development,8
I am facing an issue because there are no proper public facilities in the newly developed area.,urban development,8
स्थानीय नागरिक सुविधा में पर्याप्त सुलभता सहायता उपलब्ध नहीं है।,accessibility,0
Farmers are not getting fair prices for their crops at the mandi.,agriculture,1
The toilets in the government hospital are dirty and poorly maintained.,healthcare,5
The road near the market is too narrow and causes regular congestion.,urban development,8
School mein students ke liye enough desks aur benches nahi hain.,education,2
"हमारे क्षेत्र में समस्या यह है कि स्कूल में बिजली की आपूर्ति ठीक नहीं है, जिससे पढ़ाई प्रभावित होती है।",education,2
गांव का सिंचाई पंप खराब है और अभी तक उसकी मरम्मत नहीं हुई है।,agriculture,1
Railway station par adequate accessibility facilities nahi hain.,accessibility,0
The application submitted to the government office has not been processed.,public administration,6
Hamare village mein canal water supply irregular hai.,agriculture,1
Hamare village ke paas proper cold storage facility nahi hai.,agriculture,1
बार-बार अनुरोध करने के बावजूद संबंधित विभाग ने समस्या का समाधान नहीं किया है।,public administration,6
Hospital laboratory time par reports provide nahi karti hai.,healthcare,5
Road construction work kai months se incomplete pada hai.,urban development,8
I am facing an issue because the government office in our area does not provide services on time.,public administration,6
Please register my complaint that the local market does not provide adequate support to small rural producers.,rural livelihood,7
सरकारी कार्यालय में दिव्यांग लोगों के लिए सुलभ प्रवेश द्वार नहीं है।,accessibility,0
There is a serious healthcare issue: the hospital does not have clean drinking water for patients.,healthcare,5
Main complaint register karna chahta hoon ki hospital mein patients ke liye clean drinking water available nahi hai.,healthcare,5
Hamare area ke residents ko problem ho rahi hai kyunki electricity meter installation request abhi tak process nahi hui hai.,energy,3
There is a shortage of drinking water in our neighbourhood.,water related,9
स्थानीय लोगों को सुलभता की समस्या हो रही है क्योंकि सरकारी भवन के प्रवेश द्वार पर व्हीलचेयर के लिए रैंप नहीं है।,accessibility,0
अस्पताल में मरीजों को बहुत लंबे समय तक इंतजार करना पड़ता है।,healthcare,5
There is no accessible parking space near the public building.,accessibility,0
सार्वजनिक भवन के पास दिव्यांग लोगों के लिए आरक्षित पार्किंग नहीं है।,accessibility,0
हमारे क्षेत्र के किसानों को समस्या हो रही है क्योंकि मेरे क्षेत्र के किसानों को सिंचाई के लिए नियमित पानी नहीं मिल रहा है।,agriculture,1
Poor drainage ki wajah se rainwater roads par collect ho jata hai.,urban development,8
Local park mein litter aur waste bahut zyada pada hua hai.,environment,4
ग्रामीण रोजगार योजना के तहत मजदूरों को समय पर मजदूरी नहीं मिल रही है।,rural livelihood,7
सरकारी खरीद केंद्र नियमित रूप से किसानों की फसल नहीं खरीद रहा है।,agriculture,1
पैदल यात्री क्रॉसिंग पर सुलभ सिग्नल की सुविधा नहीं है।,accessibility,0
सार्वजनिक सड़क के पास उचित स्ट्रीट लाइट की व्यवस्था नहीं है।,energy,3
सड़क के किनारे बहुत अधिक प्लास्टिक कचरा पड़ा है।,environment,4
Waste is being dumped openly near residential buildings.,environment,4
People are burning garbage in the open and causing air pollution.,environment,4
हमारे क्षेत्र के लोगों को समस्या हो रही है क्योंकि पानी की आपूर्ति का समय अनियमित और असुविधाजनक है।,water related,9
Ye ek serious public administration issue hai: local administration ne residents ke requests ka response nahi diya hai.,public administration,6
स्थानीय नागरिक सुविधा में पर्याप्त सुलभता सहायता उपलब्ध नहीं है।,accessibility,0
Main is problem se pareshan hoon kyunki road par obstacles hain jiski wajah se wheelchair users ko pass hone mein problem hoti hai.,accessibility,0
स्थानीय रोजगार की कमी के कारण हमारे क्षेत्र के लोग पलायन कर रहे हैं।,rural livelihood,7
Construction waste has been dumped on the roadside.,environment,4
यह एक गंभीर सार्वजनिक प्रशासन संबंधी समस्या है: स्थानीय प्रशासन ने निवासियों के अनुरोधों का जवाब नहीं दिया है।,public administration,6
हमारे क्षेत्र में कई घंटों से बिजली नहीं है।,energy,3
The public water tank in our area is not being filled regularly.,water related,9
Public road ke paas proper street lighting nahi hai.,energy,3
Residents in our area are facing a problem because sewage and waste are being discharged into the local water body.,environment,4
"The streetlights are switched off at night, making the road unsafe.",energy,3
हमारे क्षेत्र में लगाई गई सोलर स्ट्रीट लाइटें काम नहीं कर रही हैं।,energy,3
कृपया मेरी शिकायत दर्ज करें कि हमारे खेतों को मुख्य बाजार से जोड़ने वाली सड़क बहुत खराब है।,agriculture,1
Women entrepreneurs in our village are not receiving proper institutional support.,rural livelihood,7
Hamari street ke paas municipal water pipeline leak ho rahi hai.,water related,9
हमारे गांव के खेतिहर मजदूरों को पर्याप्त मौसमी रोजगार नहीं मिलता है।,rural livelihood,7
Hamare village ke paas proper cold storage facility nahi hai.,agriculture,1
सरकारी कार्यालय का स्टाफ नागरिकों के सवालों का जवाब नहीं देता है।,public administration,6
हमारे गांव के पास उचित कोल्ड स्टोरेज की सुविधा नहीं है।,agriculture,1
स्कूल में छात्रों के लिए कंप्यूटर की सुविधा बहुत सीमित है।,education,2
स्कूल के पास पैदल यात्रियों के लिए उचित क्रॉसिंग नहीं है।,urban development,8
Hamare locality ka hand pump kharab hai aur repair nahi hua hai.,water related,9
Hamare area mein water supply frequently interrupt hoti hai.,water related,9
हमारे क्षेत्र में पानी का दबाव बहुत कम है।,water related,9
सरकारी कार्यालय का स्टाफ नागरिकों के सवालों का जवाब नहीं देता है।,public administration,6
हमारे क्षेत्र में पर्याप्त सार्वजनिक नल नहीं हैं।,water related,9
Public building mein stairs use na kar sakne wale logon ke liye lift nahi hai.,accessibility,0
सरकारी कार्यालय का स्टाफ नागरिकों के सवालों का जवाब नहीं देता है।,public administration,6
The school does not provide adequate facilities for students with disabilities.,education,2
The water tanker does not arrive on its scheduled time.,water related,9
दिव्यांग छात्रों के लिए स्कूल में पर्याप्त सुविधाएं नहीं हैं।,education,2
पैदल यात्री क्रॉसिंग पर सुलभ सिग्नल की सुविधा नहीं है।,accessibility,0
Ye ek serious problem hai ki students ke liye school mein proper library facility nahi hai.,education,2
Officials submitted documents ki verification mein delay kar rahe hain.,public administration,6
"स्कूल की चारदीवारी टूटी हुई है, जिससे सुरक्षा की समस्या बनी हुई है।",education,2
सरकारी स्वास्थ्य केंद्र में दवाइयों की कमी है।,healthcare,5
मैं शिकायत दर्ज करना चाहता हूं कि पीने के पानी की पाइपलाइन दूषित हो गई है।,water related,9
Main road par water pipeline mein major leakage hai.,water related,9
Residential buildings ke paas openly waste dump kiya ja raha hai.,environment,4
Poor drainage ki wajah se rainwater roads par collect ho jata hai.,urban development,8
The government clinic has irregular doctor timings.,healthcare,5
There is no proper street lighting near the public road.,energy,3
School mein basic science laboratory equipment available nahi hai.,education,2
Local government office mein bahut long waiting time hai.,public administration,6
हमारे क्षेत्र में पानी की आपूर्ति बार-बार बाधित होती है।,water related,9
Village ka irrigation pump damaged hai aur abhi tak repair nahi hua.,agriculture,1
स्थानीय प्रशासन ने हमारे गांव में आजीविका के अवसरों की कमी का समाधान नहीं किया है।,rural livelihood,7
मैं इस समस्या से परेशान हूं क्योंकि सरकारी भवन के प्रवेश द्वार पर व्हीलचेयर के लिए रैंप नहीं है।,accessibility,0
There is a lot of plastic waste on the roadside.,environment,4
हमारे क्षेत्र में कचरा संग्रहण की सेवा नियमित नहीं है।,environment,4
Ye ek serious water-related issue hai: water supply timings irregular aur inconvenient hain.,water related,9
Hamare area mein proper waste segregation facility nahi hai.,environment,4
हमारे क्षेत्र में पानी का दबाव बहुत कम है।,water related,9
The damaged electrical cable near our house has not been replaced.,energy,3
There is poor drainage along the main road in our locality.,urban development,8
Please meri complaint register karein ki drinking water pipeline contaminated ho gayi hai.,water related,9
Health centre mein patients ke liye enough beds nahi hain.,healthcare,5
हमारे क्षेत्र की सार्वजनिक पानी की टंकी नियमित रूप से नहीं भरी जाती है।,water related,9
Hospital mein emergency services properly available nahi hain.,healthcare,5
The pedestrian crossing does not have an accessible signal.,accessibility,0
हमारे मोहल्ले की सड़क और अन्य बुनियादी सुविधाओं का रखरखाव खराब है।,urban development,8
मैं इस समस्या से परेशान हूं क्योंकि मेरे क्षेत्र के किसानों को सिंचाई के लिए नियमित पानी नहीं मिल रहा है।,agriculture,1
There is a serious environmental issue: there is excessive garbage dumping in our locality.,environment,4
हमारे क्षेत्र का फुटपाथ टूटा हुआ है और चलने में परेशानी होती है।,urban development,8
मुख्य सड़क का डिवाइडर टूट गया है और असुरक्षित है।,urban development,8
Please register my complaint that the water supply timings are irregular and inconvenient.,water related,9
Hamare area ki main road par bade potholes hain.,urban development,8
हमारी गली के पास बिजली का ट्रांसफॉर्मर बार-बार खराब हो जाता है।,energy,3
यह एक गंभीर शहरी विकास संबंधी समस्या है: नई बनी सड़क पर पहले से ही दरारें पड़ गई हैं।,urban development,8
महत्वपूर्ण सरकारी सूचनाएं सार्वजनिक रूप से प्रदर्शित नहीं की जाती हैं।,public administration,6
Hamare area mein garbage collection service regular nahi hai.,environment,4
Rural youth ke liye nearby vocational training centre available nahi hai.,rural livelihood,7
Hamare neighbourhood mein voltage bahut low aa raha hai.,energy,3
Farmers ko mandi mein crops ka fair price nahi mil raha hai.,agriculture,1
Main is problem se pareshan hoon kyunki hamare locality mein excessive garbage dumping ho rahi hai.,environment,4
Women entrepreneurs in our village are not receiving proper institutional support.,rural livelihood,7
Poor drainage ki wajah se rainwater roads par collect ho jata hai.,urban development,8
Pest attacks ki wajah se crops damage ho rahi hain aur timely support nahi mil raha.,agriculture,1
The road near the market is too narrow and causes regular congestion.,urban development,8
The local administration has not addressed the shortage of livelihood opportunities in our village.,rural livelihood,7
There is no proper cold storage facility near our village.,agriculture,1
There is no proper sanitation facility for students.,education,2
The trees in our area are being cut without proper replacement.,environment,4
Hamare locality mein proper recycling facility available nahi hai.,environment,4
Main complaint register karna chahta hoon ki hamare locality mein regular water supply nahi hai.,water related,9
सार्वजनिक भवन के पास दिव्यांग लोगों के लिए आरक्षित पार्किंग नहीं है।,accessibility,0
Garbage dumping area se bahut strong foul smell aa rahi hai.,environment,4
The waiting area at the health centre is overcrowded.,healthcare,5
Local jobs ki shortage ki wajah se hamare area ke log migrate kar rahe hain.,rural livelihood,7
हमारे क्षेत्र में आने वाले पानी में दिखाई देने वाली गंदगी है।,water related,9
Hamare locality ka hand pump kharab hai aur repair nahi hua hai.,water related,9
अस्पताल में दिव्यांग लोगों के लिए उचित सुविधाएं नहीं हैं।,healthcare,5
मैं शिकायत करना चाहता हूं कि स्कूल में छात्रों के लिए साफ पीने का पानी उपलब्ध नहीं है।,education,2
मैं इस समस्या से परेशान हूं क्योंकि सरकारी भवन के प्रवेश द्वार पर व्हीलचेयर के लिए रैंप नहीं है।,accessibility,0
Farmers ko subsidized seeds lene mein problem ho rahi hai.,agriculture,1
Farmers have to wait too long for crop procurement.,agriculture,1
Residents are forced to buy water because the municipal supply is inadequate.,water related,9
स्कूल के पास पैदल यात्रियों के लिए उचित क्रॉसिंग नहीं है।,urban development,8
The school has very limited computer facilities for students.,education,2
The stairs in the public building do not have a proper handrail.,accessibility,0
"स्कूल की चारदीवारी टूटी हुई है, जिससे सुरक्षा की समस्या बनी हुई है।",education,2
यह एक गंभीर ग्रामीण आजीविका संबंधी समस्या है: हमारे गांव में लोगों के लिए रोजगार के पर्याप्त अवसर नहीं हैं।,rural livelihood,7
कचरा फेंकने वाली जगह से बहुत तेज बदबू आती है।,environment,4
Tap water se bad smell aa rahi hai aur ye drinking ke liye safe nahi hai.,water related,9
"Footpath bahut uneven hai, jiski wajah se elderly aur disabled pedestrians ko problem hoti hai.",accessibility,0
यह एक गंभीर स्वास्थ्य संबंधी समस्या है: मेरे क्षेत्र के सरकारी अस्पताल में पर्याप्त डॉक्टर नहीं हैं।,healthcare,5
Farmers ko government agriculture schemes ki information time par nahi milti.,agriculture,1
Elderly aur disabled pedestrians ke liye proper infrastructure nahi hai.,urban development,8
Main complaint register karna chahta hoon ki hamare area ka government office services time par provide nahi karta.,public administration,6
Frequent voltage fluctuations ki wajah se household appliances damage ho rahe hain.,energy,3
There is a shortage of fertilizers at the local agricultural centre.,agriculture,1
"Raat mein streetlights off rehti hain, jiski wajah se road unsafe hai.",energy,3
The public dustbins in our area are overflowing.,environment,4
स्थानीय पार्क में कचरा और गंदगी फैली हुई है।,environment,4
I am facing an issue because the government hospital in my area does not have enough doctors.,healthcare,5
हमारे क्षेत्र में लगाई गई सोलर स्ट्रीट लाइटें काम नहीं कर रही हैं।,energy,3
The school has very limited computer facilities for students.,education,2
Officials submitted documents ki verification mein delay kar rahe hain.,public administration,6
Main is problem se pareshan hoon kyunki newly constructed road par already cracks aa gaye hain.,urban development,8
सरकारी अस्पताल के शौचालय गंदे हैं और उनकी उचित सफाई नहीं होती।,healthcare,5
The community centre in our area is in poor condition.,urban development,8
हमारे गांव की महिलाओं के लिए आय अर्जित करने के अवसर सीमित हैं।,rural livelihood,7
Hamare locality ki main road ke paas proper drainage nahi hai.,urban development,8
Students are not getting enough textbooks for their classes.,education,2
The water supply is interrupted frequently in our area.,water related,9
Solar streetlights installed in our locality are not functioning.,energy,3
सरकारी वेबसाइट दृष्टिबाधित लोगों के लिए उपयोग करना बहुत कठिन है।,accessibility,0
किसानों को सब्सिडी वाले बीज प्राप्त करने में परेशानी हो रही है।,agriculture,1
Crop damage compensation has not been provided to affected farmers.,agriculture,1
हमारे गांव की महिलाओं के लिए आय अर्जित करने के अवसर सीमित हैं।,rural livelihood,7
हमारे क्षेत्र के लोगों को समस्या हो रही है क्योंकि नए विकसित क्षेत्र में उचित सार्वजनिक सुविधाएं उपलब्ध नहीं हैं।,urban development,8
The government employment programme is not registering eligible workers properly.,rural livelihood,7
सार्वजनिक भवन की सीढ़ियों पर उचित हैंडरेल नहीं है।,accessibility,0
The drainage water is mixing with the drinking water supply.,water related,9
Please meri complaint register karein ki hamare area ka government office services time par provide nahi karta.,public administration,6
गांव का सिंचाई पंप खराब है और अभी तक उसकी मरम्मत नहीं हुई है।,agriculture,1
Hamare neighbourhood mein voltage bahut low aa raha hai.,energy,3
स्कूल के पास पैदल यात्रियों के लिए उचित क्रॉसिंग नहीं है।,urban development,8
The hospital has very long waiting times for patients.,healthcare,5
There are frequent voltage fluctuations damaging household appliances.,energy,3
There are no proper recycling facilities in our locality.,environment,4
Tap water se bad smell aa rahi hai aur ye drinking ke liye safe nahi hai.,water related,9
यह एक गंभीर ऊर्जा संबंधी समस्या है: बिजली मीटर लगाने का अनुरोध अभी तक पूरा नहीं हुआ है।,energy,3
The hospital has very long waiting times for patients.,healthcare,5
Education department ne school ki repeated complaints ka solution nahi kiya hai.,education,2
The footpath is too uneven for elderly and disabled pedestrians.,accessibility,0
कृपया मेरी शिकायत दर्ज करें कि अस्पताल में मरीजों के लिए साफ पीने का पानी उपलब्ध नहीं है।,healthcare,5
Hamare village ke residents ko problem ho rahi hai kyunki small rural businesses ko adequate government support nahi mil raha hai.,rural livelihood,7
Main road par water pipeline mein major leakage hai.,water related,9
"Log open mein garbage burn kar rahe hain, jiski wajah se air pollution ho raha hai.",environment,4
सड़क के किनारे बहुत अधिक प्लास्टिक कचरा पड़ा है।,environment,4
There is a serious public administration issue: the application status is not being updated by the concerned department.,public administration,6
The government office does not have an accessible entrance.,accessibility,0
There is a serious water-related issue: the water supply timings are irregular and inconvenient.,water related,9
The health centre does not have enough beds for patients.,healthcare,5
यह एक गंभीर सार्वजनिक प्रशासन संबंधी समस्या है: लोगों को सरकारी सेवाओं के बारे में स्पष्ट जानकारी नहीं मिलती है।,public administration,6
Ye ek serious public administration issue hai: hamare area ka government office services time par provide nahi karta.,public administration,6
Farmers are facing difficulty getting subsidized seeds.,agriculture,1
स्कूल में छात्रों के लिए उचित स्वच्छता की व्यवस्था नहीं है।,education,2
स्थानीय कृषि केंद्र में खाद की कमी है।,agriculture,1
बाजार के पास कचरे के बहुत सारे ढेर लगे हुए हैं।,environment,4
I want to report that the drinking water pipeline is contaminated.,water related,9
मुख्य सड़क का डिवाइडर टूट गया है और असुरक्षित है।,urban development,8
Road construction work kai months se incomplete pada hai.,urban development,8
खराब मौसम के दौरान बिजली की आपूर्ति अस्थिर हो जाती है।,energy,3
हमारे गांव के खेतिहर मजदूरों को पर्याप्त मौसमी रोजगार नहीं मिलता है।,rural livelihood,7
The agricultural electricity supply is frequently interrupted.,agriculture,1
सरकारी वेबसाइट दृष्टिबाधित लोगों के लिए उपयोग करना बहुत कठिन है।,accessibility,0
Farmers ko subsidized seeds lene mein problem ho rahi hai.,agriculture,1
नए विकसित आवासीय क्षेत्र में बुनियादी नागरिक सुविधाओं की कमी है।,urban development,8
हमारे क्षेत्र में नागरिक शिकायत दर्ज करने की स्पष्ट प्रक्रिया नहीं है।,public administration,6
हमारे गांव में युवाओं के लिए उचित कौशल प्रशिक्षण के अवसर नहीं हैं।,rural livelihood,7
Crop damage compensation has not been provided to affected farmers.,agriculture,1
Government office mein disabled people ke liye accessible entrance nahi hai.,accessibility,0
Workers are facing delays in receiving payments for completed public works.,rural livelihood,7
Please register my complaint that farmers in my area are not getting a reliable supply of irrigation water.,agriculture,1
हमारे क्षेत्र की सार्वजनिक पानी की टंकी नियमित रूप से नहीं भरी जाती है।,water related,9
कृपया मेरी शिकायत दर्ज करें कि पानी की आपूर्ति का समय अनियमित और असुविधाजनक है।,water related,9
यह एक गंभीर ऊर्जा संबंधी समस्या है: बार-बार शिकायत करने के बावजूद बिजली की कटौती जारी है।,energy,3
Is road par pedestrians ke liye proper footpath nahi hai.,urban development,8
स्थानीय लोगों को सुलभता की समस्या हो रही है क्योंकि सरकारी भवन के प्रवेश द्वार पर व्हीलचेयर के लिए रैंप नहीं है।,accessibility,0
Please register my complaint that the electricity outage continues despite repeated complaints.,energy,3
"The streetlights are switched off at night, making the road unsafe.",energy,3
इस सड़क पर पैदल चलने वालों के लिए उचित फुटपाथ नहीं है।,urban development,8
Workers are facing delays in receiving payments for completed public works.,rural livelihood,7
There is a shortage of agricultural machinery available for farmers.,agriculture,1
स्थानीय नागरिक सुविधा में पर्याप्त सुलभता सहायता उपलब्ध नहीं है।,accessibility,0
हमारे क्षेत्र की मुख्य सड़क के किनारे जल निकासी की उचित व्यवस्था नहीं है।,urban development,8
The street infrastructure in our neighbourhood is poorly maintained.,urban development,8
Main is problem se pareshan hoon kyunki mere area ke farmers ko irrigation ke liye regular water supply nahi mil rahi hai.,agriculture,1
कृपया मेरी शिकायत दर्ज करें कि मेरे क्षेत्र के सरकारी अस्पताल में पर्याप्त डॉक्टर नहीं हैं।,healthcare,5
किसानों को फसल बीमा का भुगतान समय पर नहीं मिल रहा है।,agriculture,1
"Raat mein streetlights off rehti hain, jiski wajah se road unsafe hai.",energy,3
Hamare area ki public facility mein reliable power supply nahi hai.,energy,3
बाजार के पास की सड़क बहुत संकरी है और वहां नियमित जाम लगता है।,urban development,8
Water tanker scheduled time par nahi aata hai.,water related,9
Hamare area ke residents ko problem ho rahi hai kyunki construction work ki wajah se excessive dust pollution ho raha hai.,environment,4
हमारे गांव में युवाओं के लिए उचित कौशल प्रशिक्षण के अवसर नहीं हैं।,rural livelihood,7
Government website visually disabled people ke liye use karna difficult hai.,accessibility,0
Please meri complaint register karein ki hamare farms ko main market se connect karne wali road bahut damaged hai.,agriculture,1
Farmers ke liye agricultural machinery ki availability bahut kam hai.,agriculture,1
"Hamare area mein issue ye hai ki school ki electricity supply reliable nahi hai, jiski wajah se classes affect hoti hain.",education,2
The water supplied to our locality contains visible dirt.,water related,9
The road construction work has been left incomplete for months.,urban development,8
Hamare area ki main road par bade potholes hain.,urban development,8
I am facing an issue because garbage is not being collected from our street regularly.,environment,4
Crop damage se affected farmers ko compensation nahi mila hai.,agriculture,1
मरीजों को वे दवाइयां बाहर से खरीदने के लिए कहा जाता है जो अस्पताल में उपलब्ध होनी चाहिए।,healthcare,5
Local self-help groups ko timely financial support nahi mil raha hai.,rural livelihood,7
The government service counter is overcrowded and poorly managed.,public administration,6
ग्रामीण युवाओं के लिए पास में कोई व्यावसायिक प्रशिक्षण केंद्र नहीं है।,rural livelihood,7
हमारे क्षेत्र का फुटपाथ व्हीलचेयर उपयोगकर्ताओं के लिए सुलभ नहीं है।,accessibility,0
Residents in our area are facing a problem because the government office in our area does not provide services on time.,public administration,6
Hamare locality ki main road ke paas proper drainage nahi hai.,urban development,8
Please report that there is no proper classroom facility in the government school in my area.,education,2
Important government notices publicly display nahi kiye ja rahe hain.,public administration,6
सरकारी कार्यालय में वरिष्ठ नागरिकों के लिए उचित सहायता उपलब्ध नहीं है।,public administration,6
There is a serious issue that there is no proper library facility available for students.,education,2
There are not enough opportunities for rural artisans to sell their products.,rural livelihood,7
The electricity transformer near our street is frequently failing.,energy,3
Local government office mein bahut long waiting time hai.,public administration,6
स्थानीय सरकारी कार्यालय में बहुत लंबे समय तक इंतजार करना पड़ता है।,public administration,6
Rural workers ko government livelihood schemes ki information time par nahi milti.,rural livelihood,7
Hamare area ke farmers ko problem ho rahi hai kyunki mere area ke farmers ko irrigation ke liye regular water supply nahi mil rahi hai.,agriculture,1
Public building ki stairs par proper handrail nahi hai.,accessibility,0
Residents in our area are facing a problem because the electricity outage continues despite repeated complaints.,energy,3
हमारे क्षेत्र का हैंडपंप खराब है और उसकी मरम्मत नहीं हुई है।,water related,9
Teachers are frequently absent from the school without proper arrangement.,education,2
सार्वजनिक सेवा काउंटर व्हीलचेयर उपयोगकर्ताओं के लिए बहुत ऊंचा है।,accessibility,0
I am facing an issue because there are frequent power cuts in our locality.,energy,3
अस्पताल में दिव्यांग लोगों के लिए उचित सुविधाएं नहीं हैं।,healthcare,5
Government office mein disabled people ke liye accessible entrance nahi hai.,accessibility,0
Please meri complaint register karein ki newly developed area mein proper public facilities available nahi hain.,urban development,8
The education department has not resolved repeated complaints about the school.,education,2
स्थानीय स्वास्थ्य केंद्र निर्धारित समय में खुला नहीं रहता है।,healthcare,5
स्थानीय लोग परेशान हैं क्योंकि कक्षाएं बहुत अधिक भीड़ वाले कमरों में चल रही हैं।,education,2
Parked vehicles accessible footpath ko block kar rahe hain.,accessibility,0
There is no proper grievance desk at the local government office.,public administration,6
सार्वजनिक भवन की सीढ़ियों पर उचित हैंडरेल नहीं है।,accessibility,0
Please meri complaint register karein ki public park mein wheelchair users ke liye accessible paths nahi hain.,accessibility,0
The public dustbins in our area are overflowing.,environment,4
मरीजों को वे दवाइयां बाहर से खरीदने के लिए कहा जाता है जो अस्पताल में उपलब्ध होनी चाहिए।,healthcare,5
Ye ek serious healthcare issue hai: urgent need ke time ambulance service available nahi hoti.,healthcare,5
खड़ी की गई गाड़ियां सुलभ फुटपाथ को रोक रही हैं।,accessibility,0
I want to complain that the school does not have clean drinking water for students.,education,2
हमारे क्षेत्र में कचरे को अलग करने की उचित व्यवस्था नहीं है।,environment,4
The village does not have proper skill training opportunities for young people.,rural livelihood,7
The water supply is interrupted frequently in our area.,water related,9
Hamare village ke farm workers ko enough seasonal employment nahi milta.,rural livelihood,7
हमारे क्षेत्र में पानी का दबाव बहुत कम है।,water related,9
स्थानीय रोजगार की कमी के कारण हमारे क्षेत्र के लोग पलायन कर रहे हैं।,rural livelihood,7
खराब मौसम के दौरान बिजली की आपूर्ति अस्थिर हो जाती है।,energy,3
कृपया मेरी शिकायत दर्ज करें कि हमारे क्षेत्र में सार्वजनिक बैठने की जगह खराब हो गई है।,urban development,8
मैं इस समस्या से परेशान हूं क्योंकि हमारे क्षेत्र की कई स्ट्रीट लाइटें काम नहीं कर रही हैं।,energy,3
हमारे क्षेत्र के सार्वजनिक कूड़ेदान कचरे से भर गए हैं।,environment,4
The local administration has not addressed the shortage of livelihood opportunities in our village.,rural livelihood,7
Please meri complaint register karein ki newly constructed road par already cracks aa gaye hain.,urban development,8
Main complaint register karna chahta hoon ki road par obstacles hain jiski wajah se wheelchair users ko pass hone mein problem hoti hai.,accessibility,0
स्कूल में छात्रों के लिए कंप्यूटर की सुविधा बहुत सीमित है।,education,2
मैं शिकायत दर्ज करना चाहता हूं कि हमारे क्षेत्र का सरकारी कार्यालय समय पर सेवाएं उपलब्ध नहीं कराता है।,public administration,6
Farmers ko crop procurement ke liye bahut long wait karna padta hai.,agriculture,1
There is a serious issue that there is no proper library facility available for students.,education,2
किसानों के लिए कृषि मशीनरी की उपलब्धता बहुत कम है।,agriculture,1
अस्पताल की लैब समय पर जांच रिपोर्ट उपलब्ध नहीं कराती है।,healthcare,5
Please meri complaint register karein ki community water tank damaged hai aur repair ki zarurat hai.,water related,9
The water supplied to our locality contains visible dirt.,water related,9
मैं इस समस्या से परेशान हूं क्योंकि हमारे क्षेत्र की सड़कें बहुत खराब हैं और मरम्मत की जरूरत है।,urban development,8
हमारे क्षेत्र के लोगों को समस्या हो रही है क्योंकि हमारे क्षेत्र में खुले में बहुत अधिक कचरा फेंका जा रहा है।,environment,4
सरकारी कार्यालय में उचित कतार व्यवस्था नहीं है।,public administration,6
Residents are receiving dirty water from the municipal pipeline.,water related,9
"Log open mein garbage burn kar rahe hain, jiski wajah se air pollution ho raha hai.",environment,4
हमारे क्षेत्र के लोगों को समस्या हो रही है क्योंकि नई बनी सड़क पर पहले से ही दरारें पड़ गई हैं।,urban development,8
Hamare area ka public park properly maintained nahi hai.,urban development,8
I want to report that the application status is not being updated by the concerned department.,public administration,6
Roadside par bahut zyada plastic waste pada hua hai.,environment,4
The public park in our area is poorly maintained.,urban development,8
Hamare area mein garbage collection service regular nahi hai.,environment,4
There is a serious accessibility issue: the road has obstacles that make it difficult for wheelchair users to pass.,accessibility,0
There is a loose electricity wire hanging near the road.,energy,3
शिक्षा विभाग ने स्कूल से जुड़ी बार-बार की शिकायतों का समाधान नहीं किया है।,education,2
There are parked vehicles blocking the accessible footpath.,accessibility,0
The government office staff are not responding to citizen queries.,public administration,6
Government hospital ke toilets dirty hain aur proper maintenance nahi hoti.,healthcare,5
Citizens have to visit the government office multiple times for the same service.,public administration,6
The street infrastructure in our neighbourhood is poorly maintained.,urban development,8
खराब जल निकासी के कारण बारिश का पानी सड़कों पर जमा हो जाता है।,urban development,8
Young people in the village do not have access to affordable skill development.,rural livelihood,7
Scholarship payments for eligible students have not been received.,education,2
Hamare locality ka footpath broken hai aur use karna difficult hai.,urban development,8
Ye ek serious agriculture-related issue hai: small farmers ke liye fertilizer prices bahut high hain.,agriculture,1
स्थानीय सरकारी कार्यालय में बहुत लंबे समय तक इंतजार करना पड़ता है।,public administration,6
Garbage dumping area se bahut strong foul smell aa rahi hai.,environment,4
स्वास्थ्य केंद्र का प्रतीक्षालय बहुत अधिक भीड़भाड़ वाला है।,healthcare,5
The area has very poor waste segregation facilities.,environment,4
मैं इस समस्या से परेशान हूं क्योंकि पीने के पानी की पाइपलाइन दूषित हो गई है।,water related,9
सरकारी कार्यालय में उचित कतार व्यवस्था नहीं है।,public administration,6
अस्पताल में मरीजों को बहुत लंबे समय तक इंतजार करना पड़ता है।,healthcare,5
The public park in our area is poorly maintained.,urban development,8
There is a strong foul smell from the garbage dumping area.,environment,4
The pedestrian crossing does not have an accessible signal.,accessibility,0
"Hamare area mein issue ye hai ki school ki electricity supply reliable nahi hai, jiski wajah se classes affect hoti hain.",education,2
हमारे गांव की महिला उद्यमियों को उचित संस्थागत सहायता नहीं मिल रही है।,rural livelihood,7
There is no lift in the public building for people who cannot use stairs.,accessibility,0
Residents in our village are facing a problem because small rural businesses are not receiving adequate government support.,rural livelihood,7
School ki boundary wall damaged hai aur safety issue create kar rahi hai.,education,2
Please complaint register karein ki mere area ke government school mein proper classroom facility nahi hai.,education,2
Please report that there is no proper classroom facility in the government school in my area.,education,2
हमारे गांव में युवाओं के लिए उचित कौशल प्रशिक्षण के अवसर नहीं हैं।,rural livelihood,7
I want to report that garbage is not being collected from our street regularly.,environment,4
The railway station does not have adequate accessibility facilities.,accessibility,0
Hospital mein patients ko bahut long waiting time face karna padta hai.,healthcare,5
मैं इस समस्या से परेशान हूं क्योंकि अस्पताल में मरीजों के लिए साफ पीने का पानी उपलब्ध नहीं है।,healthcare,5
Residents are facing an accessibility problem because the road has obstacles that make it difficult for wheelchair users to pass.,accessibility,0
किसानों के लिए कृषि मशीनरी की उपलब्धता बहुत कम है।,agriculture,1
किसानों को सरकारी कृषि योजनाओं की जानकारी समय पर नहीं मिलती है।,agriculture,1
Hamare house ke paas damaged electrical cable abhi tak replace nahi hui.,energy,3
The stairs in the public building do not have a proper handrail.,accessibility,0
Please register my complaint that the road has obstacles that make it difficult for wheelchair users to pass.,accessibility,0
ग्रामीण श्रमिकों को सरकारी आजीविका योजनाओं की जानकारी समय पर नहीं मिलती है।,rural livelihood,7
Exposed electrical wires residents ke liye safety risk create kar rahe hain.,energy,3
बुजुर्गों और दिव्यांग पैदल यात्रियों के लिए उचित बुनियादी सुविधाएं नहीं हैं।,urban development,8
Hamare area mein supply hone wale water mein visible dirt hai.,water related,9
School mein students ke liye enough desks aur benches nahi hain.,education,2
हमारे क्षेत्र में पेड़ों को काटा जा रहा है और उनकी जगह नए पेड़ नहीं लगाए जा रहे हैं।,environment,4
सरकारी कार्यालय में उचित कतार व्यवस्था नहीं है।,public administration,6
There are not enough public water taps in our area.,water related,9
Rural workers are not getting timely assistance during periods of unemployment.,rural livelihood,7
घरेलू खतरनाक कचरे को इकट्ठा करने की उचित व्यवस्था नहीं है।,environment,4
Local mandi mein farmers ke liye proper facilities nahi hain.,agriculture,1
Rural workers ko government livelihood schemes ki information time par nahi milti.,rural livelihood,7
Local jobs ki shortage ki wajah se hamare area ke log migrate kar rahe hain.,rural livelihood,7
Hamare area mein enough public water taps nahi hain.,water related,9
Please register my complaint that the community water tank is damaged and needs repair.,water related,9
There is a serious environmental issue: garbage is not being collected from our street regularly.,environment,4
Farmers in our area are facing a problem because the local agriculture office is not providing proper guidance to farmers.,agriculture,1
Nearby factories ka smoke hamare locality mein air pollution cause kar raha hai.,environment,4
I want to report that the public park does not have accessible paths for wheelchair users.,accessibility,0
Drainage water drinking water pipeline mein mix ho raha hai.,water related,9
Visually impaired pedestrians ke liye tactile path nahi hai.,accessibility,0
Hamare area mein enough public water taps nahi hain.,water related,9
There is no lift in the public building for people who cannot use stairs.,accessibility,0
रिहायशी इमारतों के पास खुले में कचरा डाला जा रहा है।,environment,4
The pedestrian crossing does not have an accessible signal.,accessibility,0
Patients are being asked to buy medicines that should be available at the hospital.,healthcare,5
The school has very limited computer facilities for students.,education,2
मुख्य सड़क का डिवाइडर टूट गया है और असुरक्षित है।,urban development,8
मैं इस समस्या से परेशान हूं क्योंकि हमारे क्षेत्र में खुले में बहुत अधिक कचरा फेंका जा रहा है।,environment,4
The garbage collection service is irregular in our area.,environment,4
The public office does not provide proper assistance to senior citizens.,public administration,6
Government hospital ke toilets dirty hain aur proper maintenance nahi hoti.,healthcare,5
Farmers ko crop insurance ka payment time par nahi mil raha hai.,agriculture,1
मैं इस समस्या से परेशान हूं क्योंकि मेरे क्षेत्र के सरकारी अस्पताल में पर्याप्त डॉक्टर नहीं हैं।,healthcare,5
हमारे मोहल्ले में पीने के पानी की कमी है।,water related,9
विभाग में दर्ज की गई बार-बार की शिकायतों का समाधान नहीं किया गया है।,public administration,6
There is very low water pressure in our locality.,water related,9
The drainage water is mixing with the drinking water supply.,water related,9
Hamare area ka transformer overloaded hai aur frequently trip karta hai.,energy,3
There is no accessible parking space near the public building.,accessibility,0
अस्पताल में मरीजों को बहुत लंबे समय तक इंतजार करना पड़ता है।,healthcare,5
अस्पताल की लैब समय पर जांच रिपोर्ट उपलब्ध नहीं कराती है।,healthcare,5
Railway station par adequate accessibility facilities nahi hain.,accessibility,0
The local mandi does not offer proper facilities for farmers.,agriculture,1
स्थानीय मंडी में किसानों के लिए उचित सुविधाएं नहीं हैं।,agriculture,1
यह एक गंभीर ऊर्जा संबंधी समस्या है: हमारे क्षेत्र में बार-बार बिजली कटौती होती है।,energy,3
Is road par pedestrians ke liye proper footpath nahi hai.,urban development,8
I want to report that the hospital does not have clean drinking water for patients.,healthcare,5
Important government notices are not displayed publicly.,public administration,6
There is a major water leakage on the main road.,water related,9
The community centre in our area is in poor condition.,urban development,8
The toilets in the school are dirty and not maintained.,education,2
There is a shortage of fertilizers at the local agricultural centre.,agriculture,1
Public works complete karne ke baad workers ko payment milne mein delay ho raha hai.,rural livelihood,7
Nearby factories ka smoke hamare locality mein air pollution cause kar raha hai.,environment,4
सरकारी कार्यालय में दिव्यांग लोगों के लिए सुलभ प्रवेश द्वार नहीं है।,accessibility,0
There is a serious agriculture-related issue: the local agriculture office is not providing proper guidance to farmers.,agriculture,1
Main is problem se pareshan hoon kyunki hamare locality mein frequent power cuts ho rahe hain.,energy,3
There is no proper queue management at the hospital.,healthcare,5
School mein basic science laboratory equipment available nahi hai.,education,2
Disabled students ke liye school mein adequate facilities nahi hain.,education,2
Hospital mein disabled people ke liye proper facilities nahi hain.,healthcare,5
Hamare village mein young people ke liye proper skill training opportunities nahi hain.,rural livelihood,7
Hospital laboratory time par reports provide nahi karti hai.,healthcare,5
Hamare locality mein several hours se electricity nahi hai.,energy,3
The village does not have proper skill training opportunities for young people.,rural livelihood,7
Ye ek serious urban development issue hai: newly constructed road par already cracks aa gaye hain.,urban development,8
I want to report that there are no proper public facilities in the newly developed area.,urban development,8
Road construction work kai months se incomplete pada hai.,urban development,8
हमारे क्षेत्र के किसानों को समस्या हो रही है क्योंकि हमारे खेतों को मुख्य बाजार से जोड़ने वाली सड़क बहुत खराब है।,agriculture,1
सरकारी सेवा काउंटर पर बहुत भीड़ रहती है और व्यवस्था खराब है।,public administration,6
हमारे क्षेत्र के लोगों को समस्या हो रही है क्योंकि हमारे क्षेत्र में खुले में बहुत अधिक कचरा फेंका जा रहा है।,environment,4
Hamare area mein enough public water taps nahi hain.,water related,9
बिजली का एक खराब खंभा अभी तक ठीक नहीं किया गया है।,energy,3
There is a serious healthcare issue: the diagnostic testing facility is not working properly.,healthcare,5
घरेलू खतरनाक कचरे को इकट्ठा करने की उचित व्यवस्था नहीं है।,environment,4
Ye ek serious healthcare issue hai: mere area ke government hospital mein enough doctors nahi hain.,healthcare,5
दृष्टिबाधित यात्रियों के लिए ऑडियो घोषणा की सुविधा नहीं है।,accessibility,0
Solar streetlights installed in our locality are not functioning.,energy,3
The school playground is damaged and cannot be used safely.,education,2
Residents in our area are facing a problem because the community water tank is damaged and needs repair.,water related,9
Municipal pipeline se residents ko dirty water mil raha hai.,water related,9
Main complaint register karna chahta hoon ki water supply timings irregular aur inconvenient hain.,water related,9
The divider on the main road is damaged and unsafe.,urban development,8
Please meri complaint register karein ki electricity meter installation request abhi tak process nahi hui hai.,energy,3
हमारे क्षेत्र में पानी का दबाव बहुत कम है।,water related,9
Please meri complaint register karein ki hamare farms ko main market se connect karne wali road bahut damaged hai.,agriculture,1
Garbage dumping area se bahut strong foul smell aa rahi hai.,environment,4
Village ka irrigation pump damaged hai aur abhi tak repair nahi hua.,agriculture,1
हमारे क्षेत्र की मुख्य सड़क पर बड़े-बड़े गड्ढे हैं।,urban development,8
Patients are being asked to buy medicines that should be available at the hospital.,healthcare,5
Rural youth ke liye nearby vocational training centre available nahi hai.,rural livelihood,7
अस्पताल में मरीजों की देखभाल के लिए पर्याप्त नर्सें नहीं हैं।,healthcare,5
सार्वजनिक सेवा काउंटर व्हीलचेयर उपयोगकर्ताओं के लिए बहुत ऊंचा है।,accessibility,0
People are burning garbage in the open and causing air pollution.,environment,4
हमारे घर के पास खराब बिजली की केबल अभी तक नहीं बदली गई है।,energy,3
Rural workers are not getting timely assistance during periods of unemployment.,rural livelihood,7
We are facing a problem because classes are being conducted in overcrowded rooms.,education,2
सार्वजनिक शौचालय में दिव्यांग लोगों के लिए उचित सुविधा नहीं है।,accessibility,0
शिक्षा विभाग ने स्कूल से जुड़ी बार-बार की शिकायतों का समाधान नहीं किया है।,education,2
The government procurement centre is not accepting crops regularly.,agriculture,1
The local pond is polluted with garbage and plastic.,environment,4
The toilets in the school are dirty and not maintained.,education,2
मरीजों को वे दवाइयां बाहर से खरीदने के लिए कहा जाता है जो अस्पताल में उपलब्ध होनी चाहिए।,healthcare,5
Patients ko woh medicines bahar se buy karni padti hain jo hospital mein available honi chahiye.,healthcare,5
There is a serious energy-related issue: there are frequent power cuts in our locality.,energy,3
"Footpath bahut uneven hai, jiski wajah se elderly aur disabled pedestrians ko problem hoti hai.",accessibility,0
मैं शिकायत दर्ज करना चाहता हूं कि मेरे क्षेत्र के किसानों को सिंचाई के लिए नियमित पानी नहीं मिल रहा है।,agriculture,1
The emergency services at the hospital are not available properly.,healthcare,5
बिजली का एक खराब खंभा अभी तक ठीक नहीं किया गया है।,energy,3
A damaged electricity pole has not been repaired.,energy,3
मैं इस समस्या से परेशान हूं क्योंकि नई बनी सड़क पर पहले से ही दरारें पड़ गई हैं।,urban development,8
ग्रामीण रोजगार योजना के तहत मजदूरों को समय पर मजदूरी नहीं मिल रही है।,rural livelihood,7
"हमारे क्षेत्र में समस्या यह है कि स्कूल में बिजली की आपूर्ति ठीक नहीं है, जिससे पढ़ाई प्रभावित होती है।",education,2
Main complaint register karna chahta hoon ki small farmers ke liye fertilizer prices bahut high hain.,agriculture,1
Farm workers in our village are not getting enough seasonal employment.,rural livelihood,7
The trees in our area are being cut without proper replacement.,environment,4
स्थानीय लोगों को समस्या हो रही है क्योंकि अस्पताल में जांच की सुविधा ठीक से काम नहीं कर रही है।,healthcare,5
The damaged electrical cable near our house has not been replaced.,energy,3
महत्वपूर्ण सरकारी सूचनाएं सार्वजनिक रूप से प्रदर्शित नहीं की जाती हैं।,public administration,6
मैं इस समस्या से परेशान हूं क्योंकि हमारे खेतों को मुख्य बाजार से जोड़ने वाली सड़क बहुत खराब है।,agriculture,1
मैं शिकायत दर्ज करना चाहता हूं कि सामुदायिक पानी की टंकी खराब है और उसकी मरम्मत की जरूरत है।,water related,9
There is a serious water-related issue: the drinking water pipeline is contaminated.,water related,9
School ke toilets bahut dirty hain aur unki maintenance nahi hoti.,education,2
Road expansion work ki wajah se residents ko unnecessary obstruction face karna pad raha hai.,urban development,8
हमारे क्षेत्र की सार्वजनिक सुविधा में बिजली की विश्वसनीय आपूर्ति नहीं है।,energy,3
School ke toilets bahut dirty hain aur unki maintenance nahi hoti.,education,2
Rural employment scheme ke under workers ko wages time par nahi mil rahi hain.,rural livelihood,7
यह एक गंभीर ऊर्जा संबंधी समस्या है: हमारे क्षेत्र की कई स्ट्रीट लाइटें काम नहीं कर रही हैं।,energy,3
Disabled students ke liye school mein adequate facilities nahi hain.,education,2
The school does not provide adequate facilities for students with disabilities.,education,2
हमारे क्षेत्र की सार्वजनिक पानी की टंकी नियमित रूप से नहीं भरी जाती है।,water related,9
The application submitted to the government office has not been processed.,public administration,6
स्थानीय सरकारी कार्यालय में उचित शिकायत निवारण डेस्क नहीं है।,public administration,6
The road expansion work has caused unnecessary obstruction for residents.,urban development,8
हमारी गली के पास बिजली का ट्रांसफॉर्मर बार-बार खराब हो जाता है।,energy,3
हमारे क्षेत्र में बिजली की आपूर्ति बहुत अनियमित है।,energy,3
Hamare area ke public dustbins garbage se overflow ho rahe hain.,environment,4
Pest attacks are damaging crops and there is no timely support.,agriculture,1
किसानों को मंडी में अपनी फसलों का उचित मूल्य नहीं मिल रहा है।,agriculture,1
Please meri complaint register karein ki water supply timings irregular aur inconvenient hain.,water related,9
There is very low water pressure in our locality.,water related,9
The area has very poor waste segregation facilities.,environment,4
The water supply is interrupted frequently in our area.,water related,9
Water is being wasted because of an unrepaired pipeline leak.,water related,9
मैं शिकायत दर्ज करना चाहता हूं कि छोटे ग्रामीण व्यवसायों को पर्याप्त सरकारी सहायता नहीं मिल रही है।,rural livelihood,7
There is a serious rural livelihood issue: there are not enough employment opportunities for people in our village.,rural livelihood,7
Please register my complaint that the application status is not being updated by the concerned department.,public administration,6
Officials submitted documents ki verification mein delay kar rahe hain.,public administration,6
स्थानीय तालाब कचरे और प्लास्टिक से प्रदूषित हो गया है।,environment,4
Roadside par construction waste dump kiya gaya hai.,environment,4
अस्पताल में आपातकालीन सेवाएं ठीक से उपलब्ध नहीं हैं।,healthcare,5
I want to report that the local agriculture office is not providing proper guidance to farmers.,agriculture,1
Ye ek serious public administration issue hai: residents ko government services ke baare mein clear information nahi milti.,public administration,6
I am facing an issue because the diagnostic testing facility is not working properly.,healthcare,5
There are not enough opportunities for rural artisans to sell their products.,rural livelihood,7
Important government notices are not displayed publicly.,public administration,6
कीटों के हमले से फसल खराब हो रही है और समय पर सहायता नहीं मिल रही है।,agriculture,1
हमारे क्षेत्र में नागरिक शिकायत दर्ज करने की स्पष्ट प्रक्रिया नहीं है।,public administration,6
Hamari street ke paas electricity transformer frequently fail ho raha hai.,energy,3
Local government employment scheme mein regularly work nahi milta hai.,rural livelihood,7
Pest attacks ki wajah se crops damage ho rahi hain aur timely support nahi mil raha.,agriculture,1
Public road ke paas proper street lighting nahi hai.,energy,3
ग्रामीण युवाओं के लिए पास में कोई व्यावसायिक प्रशिक्षण केंद्र नहीं है।,rural livelihood,7
गांव के युवाओं के लिए सस्ती कौशल विकास सुविधाएं उपलब्ध नहीं हैं।,rural livelihood,7
School ki building bahut kharab condition mein hai aur repair ki zarurat hai.,education,2
The residents are facing an issue because the electricity supply in the school is unreliable and affects classes.,education,2
Ye ek serious accessibility issue hai: government building ke entrance par wheelchair ke liye ramp nahi hai.,accessibility,0
Public office mein updated service timings display nahi kiye gaye hain.,public administration,6
स्कूल में छात्रों के लिए उचित स्वच्छता की व्यवस्था नहीं है।,education,2
Local government office mein proper grievance desk nahi hai.,public administration,6
Ye ek serious problem hai ki students ke liye school mein proper library facility nahi hai.,education,2
There are frequent voltage fluctuations damaging household appliances.,energy,3
The hand pump in our locality is broken and has not been repaired.,water related,9
There is a shortage of medicines at the government health centre.,healthcare,5
Public building ke paas accessible parking space nahi hai.,accessibility,0
कृषि के लिए बिजली की आपूर्ति बार-बार बाधित होती है।,agriculture,1
सार्वजनिक भवन की सीढ़ियों पर उचित हैंडरेल नहीं है।,accessibility,0
कृषि के लिए बिजली की आपूर्ति बार-बार बाधित होती है।,agriculture,1
The canal water supply to our village is irregular.,agriculture,1
"रात में स्ट्रीट लाइटें बंद रहती हैं, जिससे सड़क असुरक्षित हो जाती है।",energy,3
सार्वजनिक सड़क के पास उचित स्ट्रीट लाइट की व्यवस्था नहीं है।,energy,3
अस्पताल की लैब समय पर जांच रिपोर्ट उपलब्ध नहीं कराती है।,healthcare,5
I want to report that several streetlights in our area are not working.,energy,3
Unemployment ke time rural workers ko timely assistance nahi milti.,rural livelihood,7
There is no proper infrastructure for elderly and disabled pedestrians.,urban development,8
बाजार के पास की सड़क बहुत संकरी है और वहां नियमित जाम लगता है।,urban development,8
"Raat mein streetlights off rehti hain, jiski wajah se road unsafe hai.",energy,3
स्थानीय पार्क में कचरा और गंदगी फैली हुई है।,environment,4
हमारे क्षेत्र के खेल मैदान की तुरंत मरम्मत की जरूरत है।,urban development,8
Hamari street ke paas municipal water pipeline leak ho rahi hai.,water related,9
नगर निगम की पाइपलाइन से गंदा पानी आ रहा है।,water related,9
The school lacks basic science laboratory equipment.,education,2
Local health centre mein basic medical equipment available nahi hai.,healthcare,5
I want to report that the drinking water pipeline is contaminated.,water related,9
Farmers ke liye agricultural machinery ki availability bahut kam hai.,agriculture,1
I am facing an issue because there are not enough employment opportunities for people in our village.,rural livelihood,7
The local pond is polluted with garbage and plastic.,environment,4
The concerned department has not resolved the issue despite repeated requests.,public administration,6
स्कूल का खेल मैदान खराब है और सुरक्षित रूप से उपयोग नहीं किया जा सकता।,education,2
स्थानीय सरकारी रोजगार योजना के तहत नियमित रूप से काम नहीं मिलता है।,rural livelihood,7
Farmers are not receiving crop insurance payments on time.,agriculture,1
The application submitted to the government office has not been processed.,public administration,6
The residents are facing an issue because the electricity supply in the school is unreliable and affects classes.,education,2
"Hamare area mein issue ye hai ki school ki electricity supply reliable nahi hai, jiski wajah se classes affect hoti hain.",education,2
There is no proper token system at the public service centre.,public administration,6
सार्वजनिक भवन के पास दिव्यांग लोगों के लिए आरक्षित पार्किंग नहीं है।,accessibility,0
यह एक गंभीर सार्वजनिक प्रशासन संबंधी समस्या है: स्थानीय प्रशासन ने निवासियों के अनुरोधों का जवाब नहीं दिया है।,public administration,6
"रात में स्ट्रीट लाइटें बंद रहती हैं, जिससे सड़क असुरक्षित हो जाती है।",energy,3
हमारे क्षेत्र का हैंडपंप खराब है और उसकी मरम्मत नहीं हुई है।,water related,9
Roadside par construction waste dump kiya gaya hai.,environment,4
स्वास्थ्य केंद्र में मरीजों के लिए पर्याप्त बेड नहीं हैं।,healthcare,5
Farmers in our area are facing a problem because farmers in my area are not getting a reliable supply of irrigation water.,agriculture,1
The local health centre does not have basic medical equipment.,healthcare,5
हमारे क्षेत्र में रीसाइक्लिंग की उचित सुविधा उपलब्ध नहीं है।,environment,4
The local park is filled with litter and waste.,environment,4
बाजार के पास कचरे के बहुत सारे ढेर लगे हुए हैं।,environment,4
There is very low water pressure in our locality.,water related,9
There are large potholes on the main road in our area.,urban development,8
Officials submitted documents ki verification mein delay kar rahe hain.,public administration,6
Students ke liye school mein proper sanitation facility nahi hai.,education,2
There is a serious public administration issue: the government office in our area does not provide services on time.,public administration,6
कृपया मेरी शिकायत दर्ज करें कि छोटे किसानों के लिए खाद की कीमतें बहुत अधिक हैं।,agriculture,1
There is a major water leakage on the main road.,water related,9
There are not enough opportunities for rural artisans to sell their products.,rural livelihood,7
Farmers ko crop procurement ke liye bahut long wait karna padta hai.,agriculture,1
There is poor drainage along the main road in our locality.,urban development,8
The local administration has not addressed the shortage of livelihood opportunities in our village.,rural livelihood,7
Please register my complaint that ambulance services are not available when urgently needed.,healthcare,5
The electricity transformer near our street is frequently failing.,energy,3
किसानों को फसल की सरकारी खरीद के लिए बहुत देर तक इंतजार करना पड़ता है।,agriculture,1
हमारे समुदाय में बिजली का कनेक्शन पर्याप्त नहीं है।,energy,3
Hamare village mein young people ke liye proper skill training opportunities nahi hain.,rural livelihood,7
The electricity transformer near our street is frequently failing.,energy,3
The hospital does not have proper facilities for people with disabilities.,healthcare,5
Ye ek serious agriculture-related issue hai: mere area ke farmers ko irrigation ke liye regular water supply nahi mil rahi hai.,agriculture,1
हमारे क्षेत्र में बिजली की आपूर्ति बहुत अनियमित है।,energy,3
Public office ke officials working hours mein frequently available nahi hote.,public administration,6
The agricultural electricity supply is frequently interrupted.,agriculture,1
There is a serious urban development issue: the roads in our locality are badly damaged and need repair.,urban development,8
Main complaint karna chahta hoon ki school mein students ke liye clean drinking water available nahi hai.,education,2
Unemployment ke time rural workers ko timely assistance nahi milti.,rural livelihood,7
सरकारी क्लिनिक में डॉक्टरों के आने का समय नियमित नहीं है।,healthcare,5
बाजार के पास कचरे के बहुत सारे ढेर लगे हुए हैं।,environment,4
हमारे क्षेत्र के किसानों को समस्या हो रही है क्योंकि स्थानीय कृषि कार्यालय किसानों को उचित मार्गदर्शन नहीं दे रहा है।,agriculture,1
हमारे क्षेत्र में कई दिनों से पानी की आपूर्ति नहीं हुई है।,water related,9
School mein students ke liye computer facility bahut limited hai.,education,2
"Footpath bahut uneven hai, jiski wajah se elderly aur disabled pedestrians ko problem hoti hai.",accessibility,0
Hamare area ki public water tank regularly fill nahi hoti hai.,water related,9
हमारे क्षेत्र में नागरिक शिकायत दर्ज करने की स्पष्ट प्रक्रिया नहीं है।,public administration,6
I want to complain that the school does not have clean drinking water for students.,education,2
मैं इस समस्या से परेशान हूं क्योंकि हमारे क्षेत्र में बार-बार बिजली कटौती होती है।,energy,3
Public office ke officials working hours mein frequently available nahi hote.,public administration,6
Open waste burning ki wajah se hamare area ki air quality bahut poor ho gayi hai.,environment,4
There are parked vehicles blocking the accessible footpath.,accessibility,0
The canal water supply to our village is irregular.,agriculture,1
Main road ka divider damaged hai aur unsafe hai.,urban development,8
Municipal water supply inadequate hone ki wajah se residents ko water buy karna pad raha hai.,water related,9
पाइपलाइन की लीकेज ठीक नहीं होने के कारण पानी बर्बाद हो रहा है।,water related,9
There are no audio announcements for visually impaired passengers.,accessibility,0
Rural youth ke liye nearby vocational training centre available nahi hai.,rural livelihood,7
Hamare village mein canal water supply irregular hai.,agriculture,1
Farmers ko mandi mein crops ka fair price nahi mil raha hai.,agriculture,1
The canal water supply to our village is irregular.,agriculture,1
Hamare area ki public water tank regularly fill nahi hoti hai.,water related,9
The water supplied to our locality contains visible dirt.,water related,9
There is a shortage of fertilizers at the local agricultural centre.,agriculture,1
There is a lot of plastic waste on the roadside.,environment,4
Main is problem se pareshan hoon kyunki concerned department application status update nahi kar raha hai.,public administration,6
स्थानीय स्वास्थ्य केंद्र में बुनियादी चिकित्सा उपकरण नहीं हैं।,healthcare,5
यह एक गंभीर कृषि संबंधी समस्या है: मेरे क्षेत्र के किसानों को सिंचाई के लिए नियमित पानी नहीं मिल रहा है।,agriculture,1
यह एक गंभीर पर्यावरण संबंधी समस्या है: हमारी गली से नियमित रूप से कचरा नहीं उठाया जाता है।,environment,4
Please register my complaint that the government office in our area does not provide services on time.,public administration,6
स्वास्थ्य केंद्र का प्रतीक्षालय बहुत अधिक भीड़भाड़ वाला है।,healthcare,5
The drainage water is mixing with the drinking water supply.,water related,9
Hospital mein emergency services properly available nahi hain.,healthcare,5
The government office staff are not responding to citizen queries.,public administration,6
कृपया मेरी शिकायत दर्ज करें कि हमारे खेतों को मुख्य बाजार से जोड़ने वाली सड़क बहुत खराब है।,agriculture,1
Pedestrian crossing par accessible signal available nahi hai.,accessibility,0
Bad weather ke time power supply unstable ho jati hai.,energy,3
I want to report that the electricity meter installation request has not been processed.,energy,3
Hamare area ke farmers ko problem ho rahi hai kyunki mere area ke farmers ko irrigation ke liye regular water supply nahi mil rahi hai.,agriculture,1
Please meri complaint register karein ki hamare area ki kai streetlights work nahi kar rahi hain.,energy,3
The tap water has a bad smell and is not safe to drink.,water related,9
हमारे क्षेत्र में पानी का दबाव बहुत कम है।,water related,9
I am facing an issue because the local agriculture office is not providing proper guidance to farmers.,agriculture,1
Public office ke officials working hours mein frequently available nahi hote.,public administration,6
Main is problem se pareshan hoon kyunki hospital mein patients ke liye clean drinking water available nahi hai.,healthcare,5
There is no proper system for collecting household hazardous waste.,environment,4
मैं इस समस्या से परेशान हूं क्योंकि मेरे क्षेत्र के किसानों को सिंचाई के लिए नियमित पानी नहीं मिल रहा है।,agriculture,1
Please register my complaint that there is no wheelchair ramp at the entrance of the government building.,accessibility,0
Ye ek serious water-related issue hai: hamare locality mein regular water supply nahi hai.,water related,9
The road expansion work has caused unnecessary obstruction for residents.,urban development,8
Open waste burning ki wajah se hamare area ki air quality bahut poor ho gayi hai.,environment,4
The hand pump in our locality is broken and has not been repaired.,water related,9
हमारे समुदाय में बिजली का कनेक्शन पर्याप्त नहीं है।,energy,3
सरकारी सेवा काउंटर पर बहुत भीड़ रहती है और व्यवस्था खराब है।,public administration,6
The newly developed residential area lacks basic civic infrastructure.,urban development,8
There is a serious agriculture-related issue: farmers in my area are not getting a reliable supply of irrigation water.,agriculture,1
सड़क चौड़ीकरण के काम से स्थानीय लोगों को अनावश्यक परेशानी हो रही है।,urban development,8
Water is being wasted because of an unrepaired pipeline leak.,water related,9
There is no proper grievance desk at the local government office.,public administration,6
The drainage system around agricultural fields is poor and causes waterlogging.,agriculture,1
I am facing an issue because residents are not receiving clear information about government services.,public administration,6
Farmers are not getting fair prices for their crops at the mandi.,agriculture,1
There is a serious agriculture-related issue: the local agriculture office is not providing proper guidance to farmers.,agriculture,1
Residents in our area are facing a problem because there are frequent power cuts in our locality.,energy,3
स्थानीय प्रशासन ने हमारे गांव में आजीविका के अवसरों की कमी का समाधान नहीं किया है।,rural livelihood,7
हमारे क्षेत्र की सार्वजनिक सुविधा में बिजली की विश्वसनीय आपूर्ति नहीं है।,energy,3
स्कूल में छात्रों के लिए उचित स्वच्छता की व्यवस्था नहीं है।,education,2
Residents in our area are facing a problem because sewage and waste are being discharged into the local water body.,environment,4
The public dustbins in our area are overflowing.,environment,4
We are facing a problem because classes are being conducted in overcrowded rooms.,education,2
Hamare area mein enough public water taps nahi hain.,water related,9
I am facing an issue because there is excessive garbage dumping in our locality.,environment,4
कृपया शिकायत दर्ज करें कि मेरे क्षेत्र के सरकारी स्कूल में कक्षाओं की उचित व्यवस्था नहीं है।,education,2
The local healthcare centre is closed during its listed working hours.,healthcare,5
Pipeline leakage repair na hone ki wajah se water waste ho raha hai.,water related,9
I want to report that sewage and waste are being discharged into the local water body.,environment,4
The health centre does not have adequate facilities for elderly patients.,healthcare,5
ग्रामीण रोजगार योजना के तहत मजदूरों को समय पर मजदूरी नहीं मिल रही है।,rural livelihood,7
Hamare area ke public dustbins garbage se overflow ho rahe hain.,environment,4
The tap water has a bad smell and is not safe to drink.,water related,9
There is a loose electricity wire hanging near the road.,energy,3
बार-बार अनुरोध करने के बावजूद संबंधित विभाग ने समस्या का समाधान नहीं किया है।,public administration,6
हमारी गली के पास बिजली का ट्रांसफॉर्मर बार-बार खराब हो जाता है।,energy,3
किसानों को सरकारी कृषि योजनाओं की जानकारी समय पर नहीं मिलती है।,agriculture,1
हमारे क्षेत्र की मुख्य सड़क पर बड़े-बड़े गड्ढे हैं।,urban development,8
Main complaint karna chahta hoon ki school mein students ke liye clean drinking water available nahi hai.,education,2
हमारे मोहल्ले में पीने के पानी की कमी है।,water related,9
There is a shortage of fertilizers at the local agricultural centre.,agriculture,1
I want to report that there is no regular water supply in our locality.,water related,9
स्थानीय सरकारी कार्यालय में बहुत लंबे समय तक इंतजार करना पड़ता है।,public administration,6
The stairs in the public building do not have a proper handrail.,accessibility,0
मैं इस समस्या से परेशान हूं क्योंकि हमारे क्षेत्र में खुले में बहुत अधिक कचरा फेंका जा रहा है।,environment,4
सड़क निर्माण का काम कई महीनों से अधूरा पड़ा है।,urban development,8
The area has very poor waste segregation facilities.,environment,4
Local residents ko problem ho rahi hai kyunki urgent need ke time ambulance service available nahi hoti.,healthcare,5
There is no proper footpath for pedestrians on this road.,urban development,8
Hamare area ki public water tank regularly fill nahi hoti hai.,water related,9
Bus stop par people with disabilities ke liye proper facilities nahi hain.,accessibility,0
There is no proper token system at the public service centre.,public administration,6
Main complaint karna chahta hoon ki school mein students ke liye clean drinking water available nahi hai.,education,2
Is road par pedestrians ke liye proper footpath nahi hai.,urban development,8
Bus stop par people with disabilities ke liye proper facilities nahi hain.,accessibility,0
Drainage water drinking water pipeline mein mix ho raha hai.,water related,9
हमारे क्षेत्र का सामुदायिक केंद्र खराब स्थिति में है।,urban development,8
The local pond is polluted with garbage and plastic.,environment,4
There is no proper pedestrian crossing near the school.,urban development,8
यह एक गंभीर पर्यावरण संबंधी समस्या है: निर्माण कार्य के कारण बहुत अधिक धूल प्रदूषण हो रहा है।,environment,4
मैं शिकायत करना चाहता हूं कि स्कूल में छात्रों के लिए साफ पीने का पानी उपलब्ध नहीं है।,education,2
मैं इस समस्या से परेशान हूं क्योंकि संबंधित विभाग द्वारा आवेदन की स्थिति अपडेट नहीं की जा रही है।,public administration,6
हमारे गांव के पास उचित कोल्ड स्टोरेज की सुविधा नहीं है।,agriculture,1
Farmers ko crop insurance ka payment time par nahi mil raha hai.,agriculture,1
Main complaint register karna chahta hoon ki hamare locality mein regular water supply nahi hai.,water related,9
खड़ी की गई गाड़ियां सुलभ फुटपाथ को रोक रही हैं।,accessibility,0
रिहायशी इमारतों के पास खुले में कचरा डाला जा रहा है।,environment,4
Crop damage se affected farmers ko compensation nahi mila hai.,agriculture,1
There is no proper street lighting near the public road.,energy,3
Main road par water pipeline mein major leakage hai.,water related,9
School mein students ke liye computer facility bahut limited hai.,education,2
Main is problem se pareshan hoon kyunki residents ko government services ke baare mein clear information nahi milti.,public administration,6
Government health centre mein medicines ki shortage hai.,healthcare,5
Unemployment ke time rural workers ko timely assistance nahi milti.,rural livelihood,7
School mein students ke liye computer facility bahut limited hai.,education,2
Students ki sankhya ke hisaab se school mein enough teachers nahi hain.,education,2
Women entrepreneurs in our village are not receiving proper institutional support.,rural livelihood,7
Women in our village have limited opportunities to earn an income.,rural livelihood,7
The public facility in our area does not have a reliable power supply.,energy,3
Teachers are frequently absent from the school without proper arrangement.,education,2
स्कूल के शौचालय गंदे हैं और उनकी सफाई नहीं होती।,education,2
Young people in the village do not have access to affordable skill development.,rural livelihood,7
Bus stop par people with disabilities ke liye proper facilities nahi hain.,accessibility,0
यह एक गंभीर शहरी विकास संबंधी समस्या है: नई बनी सड़क पर पहले से ही दरारें पड़ गई हैं।,urban development,8
रिहायशी इमारतों के पास खुले में कचरा डाला जा रहा है।,environment,4
अस्पताल में मरीजों को बहुत लंबे समय तक इंतजार करना पड़ता है।,healthcare,5
स्कूल में छात्रों के लिए कंप्यूटर की सुविधा बहुत सीमित है।,education,2
The hospital has very long waiting times for patients.,healthcare,5
स्थानीय सरकारी कार्यालय में उचित शिकायत निवारण डेस्क नहीं है।,public administration,6
सड़क के पास बिजली का ढीला तार लटक रहा है।,energy,3
Hamare area mein water supply frequently interrupt hoti hai.,water related,9
हमारे क्षेत्र में बिजली की आपूर्ति बहुत अनियमित है।,energy,3
The boundary wall of the school is damaged and creates a safety concern.,education,2
स्कूल का खेल मैदान खराब है और सुरक्षित रूप से उपयोग नहीं किया जा सकता।,education,2
सार्वजनिक भवन में सीढ़ियों का उपयोग न कर पाने वाले लोगों के लिए लिफ्ट नहीं है।,accessibility,0
Agriculture ke liye electricity supply frequently interrupt hoti hai.,agriculture,1
हमारे क्षेत्र के सार्वजनिक कूड़ेदान कचरे से भर गए हैं।,environment,4
There is a loose electricity wire hanging near the road.,energy,3
मैं इस समस्या से परेशान हूं क्योंकि सड़क पर ऐसी बाधाएं हैं जिनसे व्हीलचेयर उपयोगकर्ताओं को गुजरने में परेशानी होती है।,accessibility,0
Residents in our area are facing a problem because the local administration has not responded to requests from residents.,public administration,6
सरकारी स्वास्थ्य केंद्र में दवाइयों की कमी है।,healthcare,5
हमारे क्षेत्र में पेड़ों को काटा जा रहा है और उनकी जगह नए पेड़ नहीं लगाए जा रहे हैं।,environment,4
Residents are facing an accessibility problem because the public park does not have accessible paths for wheelchair users.,accessibility,0
Municipal pipeline se residents ko dirty water mil raha hai.,water related,9
मैं इस समस्या से परेशान हूं क्योंकि बिजली मीटर लगाने का अनुरोध अभी तक पूरा नहीं हुआ है।,energy,3
I am facing an issue because there is no wheelchair ramp at the entrance of the government building.,accessibility,0
Local self-help groups ko timely financial support nahi mil raha hai.,rural livelihood,7
हमारे क्षेत्र में कई दिनों से पानी की आपूर्ति नहीं हुई है।,water related,9
There is a serious healthcare issue: the diagnostic testing facility is not working properly.,healthcare,5
कृपया मेरी शिकायत दर्ज करें कि जरूरत के समय एंबुलेंस सेवा उपलब्ध नहीं होती है।,healthcare,5
Smoke from nearby factories is causing air pollution in our locality.,environment,4
The road near the market is too narrow and causes regular congestion.,urban development,8
पैदल यात्री क्रॉसिंग पर सुलभ सिग्नल की सुविधा नहीं है।,accessibility,0
Farmers are not getting timely information about government agriculture schemes.,agriculture,1
The boundary wall of the school is damaged and creates a safety concern.,education,2
The bus stop does not have facilities for people with disabilities.,accessibility,0
ग्रामीण रोजगार योजना के तहत मजदूरों को समय पर मजदूरी नहीं मिल रही है।,rural livelihood,7
Citizens have to visit the government office multiple times for the same service.,public administration,6
मैं शिकायत दर्ज करना चाहता हूं कि नए विकसित क्षेत्र में उचित सार्वजनिक सुविधाएं उपलब्ध नहीं हैं।,urban development,8
There are too many stray waste piles near the market.,environment,4
I am facing an issue because several streetlights in our area are not working.,energy,3
शिक्षा विभाग ने स्कूल से जुड़ी बार-बार की शिकायतों का समाधान नहीं किया है।,education,2
There are parked vehicles blocking the accessible footpath.,accessibility,0
कृपया मेरी शिकायत दर्ज करें कि हमारे क्षेत्र में सार्वजनिक बैठने की जगह खराब हो गई है।,urban development,8
There are no nearby vocational training centres for rural youth.,rural livelihood,7
School mein students ko proper mid-day meal nahi mil raha hai.,education,2
Hamare house ke paas damaged electrical cable abhi tak replace nahi hui.,energy,3
Hamare area ke residents ko problem ho rahi hai kyunki community water tank damaged hai aur repair ki zarurat hai.,water related,9
यह एक गंभीर ग्रामीण आजीविका संबंधी समस्या है: स्थानीय बाजार छोटे ग्रामीण उत्पादकों को पर्याप्त सहायता नहीं देता है।,rural livelihood,7
सरकारी कार्यालय के अधिकारी काम के समय अक्सर उपलब्ध नहीं रहते हैं।,public administration,6
Please register my complaint that the application status is not being updated by the concerned department.,public administration,6
The local self-help groups are not receiving timely financial support.,rural livelihood,7
Hamari street ke paas electricity transformer frequently fail ho raha hai.,energy,3
सड़क के किनारे निर्माण सामग्री का कचरा डाला गया है।,environment,4
बेरोजगारी के समय ग्रामीण श्रमिकों को समय पर सहायता नहीं मिलती है।,rural livelihood,7
The government procurement centre is not accepting crops regularly.,agriculture,1
There is excessive waiting time at the local government office.,public administration,6
एक ही सेवा के लिए नागरिकों को सरकारी कार्यालय के कई चक्कर लगाने पड़ते हैं।,public administration,6
Please register my complaint that several streetlights in our area are not working.,energy,3
Public service centre mein proper token system nahi hai.,public administration,6
हमारे क्षेत्र का सार्वजनिक पार्क ठीक से बनाए नहीं रखा जाता है।,urban development,8
The government office does not have an accessible entrance.,accessibility,0
The hand pump in our locality is broken and has not been repaired.,water related,9
The local civic facility does not provide adequate accessibility support.,accessibility,0
The railway station does not have adequate accessibility facilities.,accessibility,0
Scholarship payments for eligible students have not been received.,education,2
Local self-help groups ko timely financial support nahi mil raha hai.,rural livelihood,7
Public office mein senior citizens ke liye proper assistance available nahi hai.,public administration,6
Farmers are not receiving crop insurance payments on time.,agriculture,1
"स्कूल की चारदीवारी टूटी हुई है, जिससे सुरक्षा की समस्या बनी हुई है।",education,2
मैं इस समस्या से परेशान हूं क्योंकि लोगों को सरकारी सेवाओं के बारे में स्पष्ट जानकारी नहीं मिलती है।,public administration,6
There is a serious public administration issue: the government office in our area does not provide services on time.,public administration,6
There is no proper queue management at the government office.,public administration,6
स्थानीय स्वयं सहायता समूहों को समय पर वित्तीय सहायता नहीं मिल रही है।,rural livelihood,7
The footpath is too uneven for elderly and disabled pedestrians.,accessibility,0
There are too many stray waste piles near the market.,environment,4
"स्कूल की चारदीवारी टूटी हुई है, जिससे सुरक्षा की समस्या बनी हुई है।",education,2
यह एक गंभीर कृषि संबंधी समस्या है: छोटे किसानों के लिए खाद की कीमतें बहुत अधिक हैं।,agriculture,1
The road expansion work has caused unnecessary obstruction for residents.,urban development,8
There is a lot of plastic waste on the roadside.,environment,4
There are no proper recycling facilities in our locality.,environment,4
हमारे घर के पास खराब बिजली की केबल अभी तक नहीं बदली गई है।,energy,3
स्थानीय स्वास्थ्य केंद्र में बुनियादी चिकित्सा उपकरण नहीं हैं।,healthcare,5
We are experiencing low voltage in our neighbourhood.,energy,3
सरकारी स्वास्थ्य केंद्र में दवाइयों की कमी है।,healthcare,5
Hamare area ki public facility mein reliable power supply nahi hai.,energy,3
हमारे क्षेत्र में नागरिक शिकायत दर्ज करने की स्पष्ट प्रक्रिया नहीं है।,public administration,6
मैं शिकायत दर्ज करना चाहता हूं कि हमारे क्षेत्र की कई स्ट्रीट लाइटें काम नहीं कर रही हैं।,energy,3
"रात में स्ट्रीट लाइटें बंद रहती हैं, जिससे सड़क असुरक्षित हो जाती है।",energy,3
हमारे गांव की महिला उद्यमियों को उचित संस्थागत सहायता नहीं मिल रही है।,rural livelihood,7
कृपया शिकायत दर्ज करें कि मेरे क्षेत्र के सरकारी स्कूल में कक्षाओं की उचित व्यवस्था नहीं है।,education,2
I want to report that the newly constructed road has developed cracks already.,urban development,8
हमारे क्षेत्र में पानी की आपूर्ति बार-बार बाधित होती है।,water related,9
बिजली का एक खराब खंभा अभी तक ठीक नहीं किया गया है।,energy,3
Health centre mein patients ke liye enough beds nahi hain.,healthcare,5
कृपया मेरी शिकायत दर्ज करें कि नए विकसित क्षेत्र में उचित सार्वजनिक सुविधाएं उपलब्ध नहीं हैं।,urban development,8
अस्पताल में मरीजों के लिए उचित कतार व्यवस्था नहीं है।,healthcare,5
पाइपलाइन की लीकेज ठीक नहीं होने के कारण पानी बर्बाद हो रहा है।,water related,9
Hamare neighbourhood ki street infrastructure properly maintained nahi hai.,urban development,8
हमारे क्षेत्र का हैंडपंप खराब है और उसकी मरम्मत नहीं हुई है।,water related,9
Public building ki stairs par proper handrail nahi hai.,accessibility,0
स्थानीय रोजगार की कमी के कारण हमारे क्षेत्र के लोग पलायन कर रहे हैं।,rural livelihood,7
Exposed electrical wires are creating a safety risk for residents.,energy,3
There are not enough teachers for the number of students in the school.,education,2
Tap water se bad smell aa rahi hai aur ye drinking ke liye safe nahi hai.,water related,9
The playground in our locality needs urgent repair.,urban development,8
School ki boundary wall damaged hai aur safety issue create kar rahi hai.,education,2
Public toilet mein disabled people ke liye proper accessible facility nahi hai.,accessibility,0
The hospital premises are not cleaned regularly.,healthcare,5
सरकारी खरीद केंद्र नियमित रूप से किसानों की फसल नहीं खरीद रहा है।,agriculture,1
Main complaint register karna chahta hoon ki hamare locality ki roads bahut damaged hain aur repair ki zarurat hai.,urban development,8
Hamare area mein water supply frequently interrupt hoti hai.,water related,9
दृष्टिबाधित पैदल यात्रियों के लिए टैक्टाइल पथ नहीं है।,accessibility,0
स्कूल की इमारत बहुत खराब हालत में है और मरम्मत की जरूरत है।,education,2
Frequent voltage fluctuations ki wajah se household appliances damage ho rahe hain.,energy,3
Hamare village ki women ke liye income earn karne ke opportunities limited hain.,rural livelihood,7
There is poor drainage along the main road in our locality.,urban development,8
School mein students ko proper mid-day meal nahi mil raha hai.,education,2
I want to report that small rural businesses are not receiving adequate government support.,rural livelihood,7
सरकारी क्लिनिक में डॉक्टरों के आने का समय नियमित नहीं है।,healthcare,5
सड़क के पास बिजली का ढीला तार लटक रहा है।,energy,3
Residents are forced to buy water because the municipal supply is inadequate.,water related,9
Please register my complaint that there is excessive garbage dumping in our locality.,environment,4
A damaged electricity pole has not been repaired.,energy,3
Main is problem se pareshan hoon kyunki hamari street se garbage regularly collect nahi kiya jata.,environment,4
दिव्यांग छात्रों के लिए स्कूल में पर्याप्त सुविधाएं नहीं हैं।,education,2
Farmers are not getting timely information about government agriculture schemes.,agriculture,1
Water tanker scheduled time par nahi aata hai.,water related,9
Main complaint register karna chahta hoon ki hamare farms ko main market se connect karne wali road bahut damaged hai.,agriculture,1
किसानों को फसल की सरकारी खरीद के लिए बहुत देर तक इंतजार करना पड़ता है।,agriculture,1
मैं शिकायत करना चाहता हूं कि स्कूल में छात्रों के लिए साफ पीने का पानी उपलब्ध नहीं है।,education,2
The local civic facility does not provide adequate accessibility support.,accessibility,0
The government website is difficult for people with visual disabilities to use.,accessibility,0
Exposed electrical wires are creating a safety risk for residents.,energy,3
Hamare area ke residents ko problem ho rahi hai kyunki hamare locality ki roads bahut damaged hain aur repair ki zarurat hai.,urban development,8
There is a shortage of agricultural machinery available for farmers.,agriculture,1
Waste is being dumped openly near residential buildings.,environment,4
Please register my complaint that the fertilizer prices are too high for small farmers.,agriculture,1
सरकारी कार्यालय में जमा किया गया आवेदन अभी तक संसाधित नहीं हुआ है।,public administration,6
There is no proper grievance desk at the local government office.,public administration,6
The footpath in our locality is broken and difficult to use.,urban development,8
Ye ek serious healthcare issue hai: hospital ki diagnostic testing facility properly work nahi kar rahi hai.,healthcare,5
स्थानीय स्वयं सहायता समूहों को समय पर वित्तीय सहायता नहीं मिल रही है।,rural livelihood,7
Important government notices are not displayed publicly.,public administration,6
रेलवे स्टेशन पर पर्याप्त सुलभता सुविधाएं नहीं हैं।,accessibility,0
Disabled students ke liye school mein adequate facilities nahi hain.,education,2
बेरोजगारी के समय ग्रामीण श्रमिकों को समय पर सहायता नहीं मिलती है।,rural livelihood,7
Hamare locality ki main road ke paas proper drainage nahi hai.,urban development,8
Hospital mein proper queue management nahi hai.,healthcare,5
Hamare area mein electricity supply bahut unreliable hai.,energy,3
यह एक गंभीर ऊर्जा संबंधी समस्या है: हमारे क्षेत्र की कई स्ट्रीट लाइटें काम नहीं कर रही हैं।,energy,3
There is a shortage of drinking water in our neighbourhood.,water related,9
मैं शिकायत दर्ज करना चाहता हूं कि हमारी गली से नियमित रूप से कचरा नहीं उठाया जाता है।,environment,4
The municipal water pipeline is leaking near our street.,water related,9
The government employment programme is not registering eligible workers properly.,rural livelihood,7
There is no proper sanitation facility for students.,education,2
Hamare area mein kai days se water supply nahi hui hai.,water related,9
Rural employment scheme ke under workers ko wages time par nahi mil rahi hain.,rural livelihood,7
Market ke paas road bahut narrow hai aur regular traffic jam hota hai.,urban development,8
The electricity connection to our community is inadequate.,energy,3
The hospital does not have enough nurses to handle patients.,healthcare,5
The area has very poor waste segregation facilities.,environment,4
Hamare locality mein installed solar streetlights functioning nahi hain.,energy,3
The school has very limited computer facilities for students.,education,2
The garbage collection service is irregular in our area.,environment,4
Public service centre mein proper token system nahi hai.,public administration,6
Students are not receiving proper mid-day meals at the school.,education,2
Farm workers in our village are not getting enough seasonal employment.,rural livelihood,7
I want to report that several streetlights in our area are not working.,energy,3
हमारे क्षेत्र के सार्वजनिक कूड़ेदान कचरे से भर गए हैं।,environment,4
Main is problem se pareshan hoon kyunki residents ko government services ke baare mein clear information nahi milti.,public administration,6
स्थानीय लोगों को समस्या हो रही है क्योंकि जरूरत के समय एंबुलेंस सेवा उपलब्ध नहीं होती है।,healthcare,5
Market ke paas bahut saare waste piles lage hue hain.,environment,4
Pest attacks ki wajah se crops damage ho rahi hain aur timely support nahi mil raha.,agriculture,1
स्थानीय सरकारी रोजगार योजना के तहत नियमित रूप से काम नहीं मिलता है।,rural livelihood,7
Household hazardous waste collect karne ka proper system nahi hai.,environment,4
Government office staff citizen queries ka response nahi karta.,public administration,6
Hamare locality ka hand pump kharab hai aur repair nahi hua hai.,water related,9
There is a shortage of agricultural machinery available for farmers.,agriculture,1
Public office mein updated service timings display nahi kiye gaye hain.,public administration,6
The road near the market is too narrow and causes regular congestion.,urban development,8
Hamare area mein civic complaint submit karne ka clear process nahi hai.,public administration,6
हमारे क्षेत्र की मुख्य सड़क के किनारे जल निकासी की उचित व्यवस्था नहीं है।,urban development,8
"The streetlights are switched off at night, making the road unsafe.",energy,3
There is no accessible parking space near the public building.,accessibility,0
Main is problem se pareshan hoon kyunki local administration ne residents ke requests ka response nahi diya hai.,public administration,6
Hamare area ke residents ko problem ho rahi hai kyunki repeated complaints ke baad bhi power outage continue hai.,energy,3
गांव के युवाओं के लिए सस्ती कौशल विकास सुविधाएं उपलब्ध नहीं हैं।,rural livelihood,7
Municipal pipeline se residents ko dirty water mil raha hai.,water related,9
Hamare neighbourhood mein drinking water ki shortage hai.,water related,9
Main is problem se pareshan hoon kyunki construction work ki wajah se excessive dust pollution ho raha hai.,environment,4
Officials are delaying the verification of submitted documents.,public administration,6
Public service centre mein proper token system nahi hai.,public administration,6
स्वास्थ्य केंद्र का प्रतीक्षालय बहुत अधिक भीड़भाड़ वाला है।,healthcare,5
स्कूल का खेल मैदान खराब है और सुरक्षित रूप से उपयोग नहीं किया जा सकता।,education,2
स्थानीय सरकारी रोजगार योजना के तहत नियमित रूप से काम नहीं मिलता है।,rural livelihood,7
There is no proper infrastructure for elderly and disabled pedestrians.,urban development,8
Hamare area ki public water tank regularly fill nahi hoti hai.,water related,9
The water tanker does not arrive on its scheduled time.,water related,9
Roadside par construction waste dump kiya gaya hai.,environment,4
Farmers ke liye agricultural machinery ki availability bahut kam hai.,agriculture,1
There are not enough public water taps in our area.,water related,9
There is a serious water-related issue: the water supply timings are irregular and inconvenient.,water related,9
स्कूल का खेल मैदान खराब है और सुरक्षित रूप से उपयोग नहीं किया जा सकता।,education,2
Elderly aur disabled pedestrians ke liye proper infrastructure nahi hai.,urban development,8
I want to complain that the school does not have clean drinking water for students.,education,2
The canal water supply to our village is irregular.,agriculture,1
नगर निगम की पानी की आपूर्ति पर्याप्त नहीं होने के कारण लोगों को पानी खरीदना पड़ रहा है।,water related,9
I want to report that the local market does not provide adequate support to small rural producers.,rural livelihood,7
स्कूल में छात्रों के लिए पर्याप्त डेस्क और बेंच नहीं हैं।,education,2
Poor drainage ki wajah se rainwater roads par collect ho jata hai.,urban development,8
Roadside par construction waste dump kiya gaya hai.,environment,4
हमारे क्षेत्र में बिजली की आपूर्ति बहुत अनियमित है।,energy,3
The footpath in our area is not accessible for wheelchair users.,accessibility,0
हमारे मोहल्ले में बिजली का वोल्टेज बहुत कम रहता है।,energy,3
The playground in our locality needs urgent repair.,urban development,8
Pest attacks ki wajah se crops damage ho rahi hain aur timely support nahi mil raha.,agriculture,1
There is no proper token system at the public service centre.,public administration,6
यह एक गंभीर समस्या है कि छात्रों के लिए स्कूल में उचित पुस्तकालय की सुविधा नहीं है।,education,2
Hamare area ke residents ko problem ho rahi hai kyunki hamare locality ka public seating area damaged hai.,urban development,8
Government website visually disabled people ke liye use karna difficult hai.,accessibility,0
I want to report that there is excessive garbage dumping in our locality.,environment,4
Visually impaired pedestrians ke liye tactile path nahi hai.,accessibility,0
The divider on the main road is damaged and unsafe.,urban development,8
Please meri complaint register karein ki public park mein wheelchair users ke liye accessible paths nahi hain.,accessibility,0
स्थानीय तालाब कचरे और प्लास्टिक से प्रदूषित हो गया है।,environment,4
अस्पताल में आपातकालीन सेवाएं ठीक से उपलब्ध नहीं हैं।,healthcare,5
मैं इस समस्या से परेशान हूं क्योंकि बार-बार शिकायत करने के बावजूद बिजली की कटौती जारी है।,energy,3
Women in our village have limited opportunities to earn an income.,rural livelihood,7
Elderly aur disabled pedestrians ke liye proper infrastructure nahi hai.,urban development,8
मैं शिकायत दर्ज करना चाहता हूं कि हमारे क्षेत्र में खुले में बहुत अधिक कचरा फेंका जा रहा है।,environment,4
स्कूल में शिक्षक अक्सर अनुपस्थित रहते हैं और कोई उचित व्यवस्था नहीं होती।,education,2
The local mandi does not offer proper facilities for farmers.,agriculture,1
Local administration ne hamare village mein livelihood opportunities ki shortage solve nahi ki hai.,rural livelihood,7
हमारे क्षेत्र के लोगों को समस्या हो रही है क्योंकि स्थानीय जल स्रोत में सीवेज और कचरा डाला जा रहा है।,environment,4
Residents ko accessibility ki problem ho rahi hai kyunki government building ke entrance par wheelchair ke liye ramp nahi hai.,accessibility,0
Citizens have to visit the government office multiple times for the same service.,public administration,6
Please register my complaint that the local administration has not responded to requests from residents.,public administration,6
रेलवे स्टेशन पर पर्याप्त सुलभता सुविधाएं नहीं हैं।,accessibility,0
Government employment programme mein eligible workers ka proper registration nahi ho raha.,rural livelihood,7
Important government notices are not displayed publicly.,public administration,6
There is no proper cold storage facility near our village.,agriculture,1
Local government office mein bahut long waiting time hai.,public administration,6
School ke paas pedestrians ke liye proper crossing nahi hai.,urban development,8
हमारी गली के पास नगर निगम की पानी की पाइपलाइन लीक हो रही है।,water related,9
हमारे क्षेत्र का फुटपाथ टूटा हुआ है और चलने में परेशानी होती है।,urban development,8
Hamare area mein trees cut kiye ja rahe hain aur replacement mein naye trees nahi lagaye ja rahe.,environment,4
Village ke young people ke liye affordable skill development available nahi hai.,rural livelihood,7
किसानों को फसल की सरकारी खरीद के लिए बहुत देर तक इंतजार करना पड़ता है।,agriculture,1
"खेतों के आसपास जल निकासी की व्यवस्था खराब है, जिससे जलभराव होता है।",agriculture,1
I am facing an issue because the hospital does not have clean drinking water for patients.,healthcare,5
The garbage collection service is irregular in our area.,environment,4
स्थानीय लोग परेशान हैं क्योंकि कक्षाएं बहुत अधिक भीड़ वाले कमरों में चल रही हैं।,education,2
Hamare area ke residents ko problem ho rahi hai kyunki newly constructed road par already cracks aa gaye hain.,urban development,8
सरकारी कार्यालय में दिव्यांग लोगों के लिए सुलभ प्रवेश द्वार नहीं है।,accessibility,0
Hamare area ki public facility mein reliable power supply nahi hai.,energy,3
There is no tactile path for visually impaired pedestrians.,accessibility,0
हमारे क्षेत्र में पेड़ों को काटा जा रहा है और उनकी जगह नए पेड़ नहीं लगाए जा रहे हैं।,environment,4
"हमारे क्षेत्र में समस्या यह है कि स्कूल में बिजली की आपूर्ति ठीक नहीं है, जिससे पढ़ाई प्रभावित होती है।",education,2
The public facility in our area does not have a reliable power supply.,energy,3
Rural employment scheme ke under workers ko wages time par nahi mil rahi hain.,rural livelihood,7
There is a shortage of fertilizers at the local agricultural centre.,agriculture,1
The local park is filled with litter and waste.,environment,4
Railway station par adequate accessibility facilities nahi hain.,accessibility,0
I am facing an issue because small rural businesses are not receiving adequate government support.,rural livelihood,7
Public road ke paas proper street lighting nahi hai.,energy,3
We are experiencing low voltage in our neighbourhood.,energy,3
स्वास्थ्य केंद्र में मरीजों के लिए पर्याप्त बेड नहीं हैं।,healthcare,5
The waiting area at the health centre is overcrowded.,healthcare,5
There is a lot of plastic waste on the roadside.,environment,4
खड़ी की गई गाड़ियां सुलभ फुटपाथ को रोक रही हैं।,accessibility,0
The local healthcare centre is closed during its listed working hours.,healthcare,5
Department mein submit ki gayi repeated complaints ka solution nahi hua hai.,public administration,6
Local government office mein proper grievance desk nahi hai.,public administration,6
स्थानीय रोजगार की कमी के कारण हमारे क्षेत्र के लोग पलायन कर रहे हैं।,rural livelihood,7
Repeated complaints submitted to the department have not been addressed.,public administration,6
The tap water has a bad smell and is not safe to drink.,water related,9
Agriculture ke liye electricity supply frequently interrupt hoti hai.,agriculture,1
विभाग में दर्ज की गई बार-बार की शिकायतों का समाधान नहीं किया गया है।,public administration,6
Rural workers are not getting information about available government livelihood schemes.,rural livelihood,7
Public road ke paas proper street lighting nahi hai.,energy,3
रिहायशी इमारतों के पास खुले में कचरा डाला जा रहा है।,environment,4
There is no proper pedestrian crossing near the school.,urban development,8
Hamare area mein electricity supply bahut unreliable hai.,energy,3
The local pond is polluted with garbage and plastic.,environment,4
Public service counter wheelchair users ke liye bahut high hai.,accessibility,0
हमारे क्षेत्र का फुटपाथ व्हीलचेयर उपयोगकर्ताओं के लिए सुलभ नहीं है।,accessibility,0
अस्पताल में मरीजों के लिए उचित कतार व्यवस्था नहीं है।,healthcare,5
बिजली का एक खराब खंभा अभी तक ठीक नहीं किया गया है।,energy,3
Municipal pipeline se residents ko dirty water mil raha hai.,water related,9
महत्वपूर्ण सरकारी सूचनाएं सार्वजनिक रूप से प्रदर्शित नहीं की जाती हैं।,public administration,6
Road expansion work ki wajah se residents ko unnecessary obstruction face karna pad raha hai.,urban development,8
रिहायशी इमारतों के पास खुले में कचरा डाला जा रहा है।,environment,4
Rural youth ke liye nearby vocational training centre available nahi hai.,rural livelihood,7
School mein teachers frequently absent rehte hain aur proper arrangement nahi hota.,education,2
खराब मौसम के दौरान बिजली की आपूर्ति अस्थिर हो जाती है।,energy,3
Health centre mein elderly patients ke liye adequate facilities nahi hain.,healthcare,5
Hamare area ka community centre poor condition mein hai.,urban development,8
I am facing an issue because the public park does not have accessible paths for wheelchair users.,accessibility,0
Please register my complaint that sewage and waste are being discharged into the local water body.,environment,4
Ye ek serious accessibility issue hai: road par obstacles hain jiski wajah se wheelchair users ko pass hone mein problem hoti hai.,accessibility,0
हमारे क्षेत्र में पेड़ों को काटा जा रहा है और उनकी जगह नए पेड़ नहीं लगाए जा रहे हैं।,environment,4
Health centre mein elderly patients ke liye adequate facilities nahi hain.,healthcare,5
The school building is in poor condition and needs urgent repair.,education,2
The area has very poor waste segregation facilities.,environment,4
मैं शिकायत करना चाहता हूं कि स्कूल में छात्रों के लिए साफ पीने का पानी उपलब्ध नहीं है।,education,2
Hamare community ka electricity connection adequate nahi hai.,energy,3
Hamare area ke residents ko problem ho rahi hai kyunki hamare locality mein frequent power cuts ho rahe hain.,energy,3
Main complaint register karna chahta hoon ki mere area ke government hospital mein enough doctors nahi hain.,healthcare,5
छात्रों को उनकी कक्षाओं की पर्याप्त किताबें नहीं मिल रही हैं।,education,2
स्थानीय प्रशासन ने हमारे गांव में आजीविका के अवसरों की कमी का समाधान नहीं किया है।,rural livelihood,7
Roadside par bahut zyada plastic waste pada hua hai.,environment,4
Officials at the public office are frequently unavailable during working hours.,public administration,6
यह एक गंभीर ग्रामीण आजीविका संबंधी समस्या है: छोटे ग्रामीण व्यवसायों को पर्याप्त सरकारी सहायता नहीं मिल रही है।,rural livelihood,7
अस्पताल में आपातकालीन सेवाएं ठीक से उपलब्ध नहीं हैं।,healthcare,5
स्वास्थ्य केंद्र में बुजुर्ग मरीजों के लिए पर्याप्त सुविधाएं नहीं हैं।,healthcare,5
खड़ी की गई गाड़ियां सुलभ फुटपाथ को रोक रही हैं।,accessibility,0
कृपया मेरी शिकायत दर्ज करें कि स्थानीय जल स्रोत में सीवेज और कचरा डाला जा रहा है।,environment,4
Municipal water supply inadequate hone ki wajah se residents ko water buy karna pad raha hai.,water related,9
Please register my complaint that the village lacks proper facilities for small-scale local businesses.,rural livelihood,7
Rural workers are not getting information about available government livelihood schemes.,rural livelihood,7
There is a serious accessibility issue: the public park does not have accessible paths for wheelchair users.,accessibility,0
हमारे क्षेत्र का फुटपाथ व्हीलचेयर उपयोगकर्ताओं के लिए सुलभ नहीं है।,accessibility,0
Please register my complaint that small rural businesses are not receiving adequate government support.,rural livelihood,7
Please meri complaint register karein ki hamare locality mein frequent power cuts ho rahe hain.,energy,3
Ye ek serious public administration issue hai: local administration ne residents ke requests ka response nahi diya hai.,public administration,6
Hamare neighbourhood mein voltage bahut low aa raha hai.,energy,3
Local self-help groups ko timely financial support nahi mil raha hai.,rural livelihood,7
Hamare neighbourhood ki street infrastructure properly maintained nahi hai.,urban development,8
The government procurement centre is not accepting crops regularly.,agriculture,1
The waiting area at the health centre is overcrowded.,healthcare,5
The trees in our area are being cut without proper replacement.,environment,4
स्कूल में छात्रों के लिए पर्याप्त डेस्क और बेंच नहीं हैं।,education,2
Students ki sankhya ke hisaab se school mein enough teachers nahi hain.,education,2
Rural workers are not getting timely assistance during periods of unemployment.,rural livelihood,7
The footpath in our locality is broken and difficult to use.,urban development,8
Hamare locality ka hand pump kharab hai aur repair nahi hua hai.,water related,9
There is no tactile path for visually impaired pedestrians.,accessibility,0
सार्वजनिक सेवा केंद्र में उचित टोकन व्यवस्था नहीं है।,public administration,6
There are no nearby vocational training centres for rural youth.,rural livelihood,7
Rural artisans ke liye apne products sell karne ke enough opportunities nahi hain.,rural livelihood,7
There is no proper footpath for pedestrians on this road.,urban development,8
There is a shortage of fertilizers at the local agricultural centre.,agriculture,1
The electricity supply in our area is very unreliable.,energy,3
Young people in the village do not have access to affordable skill development.,rural livelihood,7
Hamare area ke public dustbins garbage se overflow ho rahe hain.,environment,4
मैं इस समस्या से परेशान हूं क्योंकि हमारे क्षेत्र की कई स्ट्रीट लाइटें काम नहीं कर रही हैं।,energy,3
Hamare area mein kai days se water supply nahi hui hai.,water related,9
"The streetlights are switched off at night, making the road unsafe.",energy,3
दिव्यांग छात्रों के लिए स्कूल में पर्याप्त सुविधाएं नहीं हैं।,education,2
School mein basic science laboratory equipment available nahi hai.,education,2
Road construction work kai months se incomplete pada hai.,urban development,8
गांव का सिंचाई पंप खराब है और अभी तक उसकी मरम्मत नहीं हुई है।,agriculture,1
Farmers are facing difficulty getting subsidized seeds.,agriculture,1
School mein students ke liye enough desks aur benches nahi hain.,education,2
नाली का पानी पीने के पानी की पाइपलाइन में मिल रहा है।,water related,9
Farmers ke liye agricultural machinery ki availability bahut kam hai.,agriculture,1
सार्वजनिक भवन के पास दिव्यांग लोगों के लिए आरक्षित पार्किंग नहीं है।,accessibility,0
Main complaint register karna chahta hoon ki hospital mein patients ke liye clean drinking water available nahi hai.,healthcare,5
Patients ko woh medicines bahar se buy karni padti hain jo hospital mein available honi chahiye.,healthcare,5
Health centre mein patients ke liye enough beds nahi hain.,healthcare,5
मैं शिकायत दर्ज करना चाहता हूं कि बिजली मीटर लगाने का अनुरोध अभी तक पूरा नहीं हुआ है।,energy,3
School ki boundary wall damaged hai aur safety issue create kar rahi hai.,education,2
बाजार के पास की सड़क बहुत संकरी है और वहां नियमित जाम लगता है।,urban development,8
स्कूल का खेल मैदान खराब है और सुरक्षित रूप से उपयोग नहीं किया जा सकता।,education,2
Local government office mein proper grievance desk nahi hai.,public administration,6
I am facing an issue because the roads in our locality are badly damaged and need repair.,urban development,8
हमारे गांव की महिलाओं के लिए आय अर्जित करने के अवसर सीमित हैं।,rural livelihood,7
The footpath in our locality is broken and difficult to use.,urban development,8
सड़क के पास बिजली का ढीला तार लटक रहा है।,energy,3
Please register my complaint that several streetlights in our area are not working.,energy,3
Main complaint register karna chahta hoon ki construction work ki wajah se excessive dust pollution ho raha hai.,environment,4
Hamare village mein young people ke liye proper skill training opportunities nahi hain.,rural livelihood,7
The area has very poor waste segregation facilities.,environment,4
There is very low water pressure in our locality.,water related,9
Residents are receiving dirty water from the municipal pipeline.,water related,9
Ye ek serious healthcare issue hai: hospital mein patients ke liye clean drinking water available nahi hai.,healthcare,5
Hamare village ke residents ko problem ho rahi hai kyunki hamare village mein logon ke liye enough employment opportunities nahi hain.,rural livelihood,7
Main complaint register karna chahta hoon ki electricity meter installation request abhi tak process nahi hui hai.,energy,3
Hamare locality mein several hours se electricity nahi hai.,energy,3
सरकारी खरीद केंद्र नियमित रूप से किसानों की फसल नहीं खरीद रहा है।,agriculture,1
Ye ek serious healthcare issue hai: mere area ke government hospital mein enough doctors nahi hain.,healthcare,5
Government office mein proper queue management nahi hai.,public administration,6
Hamare area ki main road par bade potholes hain.,urban development,8
Hospital mein disabled people ke liye proper facilities nahi hain.,healthcare,5
The divider on the main road is damaged and unsafe.,urban development,8
Please meri complaint register karein ki hospital mein patients ke liye clean drinking water available nahi hai.,healthcare,5
Main complaint register karna chahta hoon ki public buses mein proper wheelchair access available nahi hai.,accessibility,0
मुख्य सड़क का डिवाइडर टूट गया है और असुरक्षित है।,urban development,8
Residents are facing an accessibility problem because the public park does not have accessible paths for wheelchair users.,accessibility,0
हमारे क्षेत्र में पर्याप्त सार्वजनिक नल नहीं हैं।,water related,9
There is a serious rural livelihood issue: there are not enough employment opportunities for people in our village.,rural livelihood,7
Poor drainage ki wajah se rainwater roads par collect ho jata hai.,urban development,8
Hamare locality ke playground ko urgent repair ki zarurat hai.,urban development,8
सड़क के किनारे बहुत अधिक प्लास्टिक कचरा पड़ा है।,environment,4
Department mein submit ki gayi repeated complaints ka solution nahi hua hai.,public administration,6
Public building mein stairs use na kar sakne wale logon ke liye lift nahi hai.,accessibility,0
The air quality has become very poor because of open waste burning.,environment,4
Hamare area ka transformer overloaded hai aur frequently trip karta hai.,energy,3
पाइपलाइन की लीकेज ठीक नहीं होने के कारण पानी बर्बाद हो रहा है।,water related,9
There are large potholes on the main road in our area.,urban development,8
यह एक गंभीर ग्रामीण आजीविका संबंधी समस्या है: स्थानीय बाजार छोटे ग्रामीण उत्पादकों को पर्याप्त सहायता नहीं देता है।,rural livelihood,7
The emergency services at the hospital are not available properly.,healthcare,5
दृष्टिबाधित यात्रियों के लिए ऑडियो घोषणा की सुविधा नहीं है।,accessibility,0
I want to complain that the school does not have clean drinking water for students.,education,2
मैं शिकायत दर्ज करना चाहता हूं कि हमारे खेतों को मुख्य बाजार से जोड़ने वाली सड़क बहुत खराब है।,agriculture,1
The footpath in our locality is broken and difficult to use.,urban development,8
Rural workers are not getting timely assistance during periods of unemployment.,rural livelihood,7
Hamari street ke paas municipal water pipeline leak ho rahi hai.,water related,9
Pedestrian crossing par accessible signal available nahi hai.,accessibility,0
किसानों को फसल बीमा का भुगतान समय पर नहीं मिल रहा है।,agriculture,1
School ki building bahut kharab condition mein hai aur repair ki zarurat hai.,education,2
सरकारी सेवा काउंटर पर बहुत भीड़ रहती है और व्यवस्था खराब है।,public administration,6
School mein teachers frequently absent rehte hain aur proper arrangement nahi hota.,education,2
पात्र छात्रों को छात्रवृत्ति की राशि अभी तक नहीं मिली है।,education,2
There are not enough teachers for the number of students in the school.,education,2
रेलवे स्टेशन पर पर्याप्त सुलभता सुविधाएं नहीं हैं।,accessibility,0
स्थानीय लोगों को सुलभता की समस्या हो रही है क्योंकि सार्वजनिक पार्क में व्हीलचेयर उपयोगकर्ताओं के लिए सुलभ रास्ते नहीं हैं।,accessibility,0
Please meri complaint register karein ki local water body mein sewage aur waste discharge kiya ja raha hai.,environment,4
There is no accessible parking space near the public building.,accessibility,0
Residential buildings ke paas openly waste dump kiya ja raha hai.,environment,4
अस्पताल में आपातकालीन सेवाएं ठीक से उपलब्ध नहीं हैं।,healthcare,5
The public toilet does not have an accessible facility for disabled people.,accessibility,0
हमारी गली के पास नगर निगम की पानी की पाइपलाइन लीक हो रही है।,water related,9
हमारे गांव में नहर से पानी की आपूर्ति अनियमित है।,agriculture,1
Open waste burning ki wajah se hamare area ki air quality bahut poor ho gayi hai.,environment,4
Government hospital ke toilets dirty hain aur proper maintenance nahi hoti.,healthcare,5
Our locality has been without water for several days.,water related,9
Please register my complaint that there are not enough employment opportunities for people in our village.,rural livelihood,7
Government office staff citizen queries ka response nahi karta.,public administration,6
स्थानीय मंडी में किसानों के लिए उचित सुविधाएं नहीं हैं।,agriculture,1
फसल खराब होने से प्रभावित किसानों को मुआवजा नहीं मिला है।,agriculture,1
स्थानीय सरकारी रोजगार योजना के तहत नियमित रूप से काम नहीं मिलता है।,rural livelihood,7
The toilets in the school are dirty and not maintained.,education,2
कृपया मेरी शिकायत दर्ज करें कि लोगों को सरकारी सेवाओं के बारे में स्पष्ट जानकारी नहीं मिलती है।,public administration,6
The public park in our area is poorly maintained.,urban development,8
यह एक गंभीर सुलभता संबंधी समस्या है: सड़क पर ऐसी बाधाएं हैं जिनसे व्हीलचेयर उपयोगकर्ताओं को गुजरने में परेशानी होती है।,accessibility,0
There is a shortage of drinking water in our neighbourhood.,water related,9
I am facing an issue because farmers in my area are not getting a reliable supply of irrigation water.,agriculture,1
घरेलू खतरनाक कचरे को इकट्ठा करने की उचित व्यवस्था नहीं है।,environment,4
स्थानीय सरकारी कार्यालय में बहुत लंबे समय तक इंतजार करना पड़ता है।,public administration,6
Important government notices are not displayed publicly.,public administration,6
स्कूल में छात्रों की संख्या के अनुसार पर्याप्त शिक्षक नहीं हैं।,education,2
Hamare locality mein proper recycling facility available nahi hai.,environment,4
Local administration ne hamare village mein livelihood opportunities ki shortage solve nahi ki hai.,rural livelihood,7
मैं शिकायत दर्ज करना चाहता हूं कि हमारे क्षेत्र में बार-बार बिजली कटौती होती है।,energy,3
गांव का सिंचाई पंप खराब है और अभी तक उसकी मरम्मत नहीं हुई है।,agriculture,1
There are no proper recycling facilities in our locality.,environment,4
School ki building bahut kharab condition mein hai aur repair ki zarurat hai.,education,2
The playground in our locality needs urgent repair.,urban development,8
Hamare village mein young people ke liye proper skill training opportunities nahi hain.,rural livelihood,7
I am facing an issue because the water supply timings are irregular and inconvenient.,water related,9
Municipal water supply inadequate hone ki wajah se residents ko water buy karna pad raha hai.,water related,9
Hamare area ka community centre poor condition mein hai.,urban development,8
I want to report that there is excessive garbage dumping in our locality.,environment,4
The electricity supply in our area is very unreliable.,energy,3
The water supply is interrupted frequently in our area.,water related,9
I am facing an issue because the government office in our area does not provide services on time.,public administration,6
The local health centre does not have basic medical equipment.,healthcare,5
सरकारी कार्यालय का स्टाफ नागरिकों के सवालों का जवाब नहीं देता है।,public administration,6
Residents are receiving dirty water from the municipal pipeline.,water related,9
Ye ek serious problem hai ki students ke liye school mein proper library facility nahi hai.,education,2
विभाग में दर्ज की गई बार-बार की शिकायतों का समाधान नहीं किया गया है।,public administration,6
"Raat mein streetlights off rehti hain, jiski wajah se road unsafe hai.",energy,3
There is no proper pedestrian crossing near the school.,urban development,8
There are no nearby vocational training centres for rural youth.,rural livelihood,7
Citizens have to visit the government office multiple times for the same service.,public administration,6
There is a serious urban development issue: the newly constructed road has developed cracks already.,urban development,8
हमारे क्षेत्र में कचरे को अलग करने की उचित व्यवस्था नहीं है।,environment,4
किसानों को सब्सिडी वाले बीज प्राप्त करने में परेशानी हो रही है।,agriculture,1
हमारे घर के पास खराब बिजली की केबल अभी तक नहीं बदली गई है।,energy,3
Main complaint register karna chahta hoon ki hamare locality mein excessive garbage dumping ho rahi hai.,environment,4
Health centre ka waiting area bahut overcrowded hai.,healthcare,5
Main complaint register karna chahta hoon ki road par obstacles hain jiski wajah se wheelchair users ko pass hone mein problem hoti hai.,accessibility,0
मैं इस समस्या से परेशान हूं क्योंकि हमारे गांव में छोटे व्यवसायों के लिए उचित सुविधाओं की कमी है।,rural livelihood,7
I want to complain that the school does not have clean drinking water for students.,education,2
खराब मौसम के दौरान बिजली की आपूर्ति अस्थिर हो जाती है।,energy,3
Hamare neighbourhood ki street infrastructure properly maintained nahi hai.,urban development,8
The hospital laboratory does not provide reports on time.,healthcare,5
Road construction work kai months se incomplete pada hai.,urban development,8
Frequent voltage fluctuations ki wajah se household appliances damage ho rahe hain.,energy,3
The hospital does not have enough nurses to handle patients.,healthcare,5
Students ke liye school mein proper sanitation facility nahi hai.,education,2
Education department ne school ki repeated complaints ka solution nahi kiya hai.,education,2
Bad weather ke time power supply unstable ho jati hai.,energy,3
The residents are facing an issue because the electricity supply in the school is unreliable and affects classes.,education,2
हमारे गांव की महिलाओं के लिए आय अर्जित करने के अवसर सीमित हैं।,rural livelihood,7
स्कूल में विज्ञान प्रयोगशाला के लिए जरूरी उपकरण नहीं हैं।,education,2
सरकारी कार्यालय के अधिकारी काम के समय अक्सर उपलब्ध नहीं रहते हैं।,public administration,6
Hamare area mein trees cut kiye ja rahe hain aur replacement mein naye trees nahi lagaye ja rahe.,environment,4
"Hamare area mein issue ye hai ki school ki electricity supply reliable nahi hai, jiski wajah se classes affect hoti hain.",education,2
Disabled students ke liye school mein adequate facilities nahi hain.,education,2
School ka playground damaged hai aur safely use nahi ho sakta.,education,2
There is no proper queue management at the government office.,public administration,6
यह एक गंभीर कृषि संबंधी समस्या है: स्थानीय कृषि कार्यालय किसानों को उचित मार्गदर्शन नहीं दे रहा है।,agriculture,1
Government health centre mein medicines ki shortage hai.,healthcare,5
Local agriculture centre mein fertilizers ki shortage hai.,agriculture,1
नगर निगम की पाइपलाइन से गंदा पानी आ रहा है।,water related,9
Scholarship payments for eligible students have not been received.,education,2
स्थानीय प्रशासन ने हमारे गांव में आजीविका के अवसरों की कमी का समाधान नहीं किया है।,rural livelihood,7
Main is problem se pareshan hoon kyunki road par obstacles hain jiski wajah se wheelchair users ko pass hone mein problem hoti hai.,accessibility,0
"स्कूल की चारदीवारी टूटी हुई है, जिससे सुरक्षा की समस्या बनी हुई है।",education,2
Women in our village have limited opportunities to earn an income.,rural livelihood,7
सरकारी कार्यालय का स्टाफ नागरिकों के सवालों का जवाब नहीं देता है।,public administration,6
Rainwater accumulates on the roads because of poor drainage.,urban development,8
There are too many stray waste piles near the market.,environment,4
स्थानीय सरकारी रोजगार योजना के तहत नियमित रूप से काम नहीं मिलता है।,rural livelihood,7
There is no proper system for collecting household hazardous waste.,environment,4
मुख्य सड़क पर पानी की पाइपलाइन में बड़ी लीकेज है।,water related,9
There is poor drainage along the main road in our locality.,urban development,8
Residents in our area are facing a problem because the community water tank is damaged and needs repair.,water related,9
नल के पानी से बदबू आती है और यह पीने के लिए सुरक्षित नहीं है।,water related,9
There is no clear process for submitting civic complaints in our area.,public administration,6
The boundary wall of the school is damaged and creates a safety concern.,education,2
Students are not receiving proper mid-day meals at the school.,education,2
खुले में कचरा जलाने के कारण हमारे क्षेत्र की हवा बहुत खराब हो गई है।,environment,4
सार्वजनिक कार्य पूरा करने के बाद मजदूरों को भुगतान मिलने में देरी हो रही है।,rural livelihood,7
The railway station does not have adequate accessibility facilities.,accessibility,0
There is no proper sanitation facility for students.,education,2
The government office does not have an accessible entrance.,accessibility,0
Please meri complaint register karein ki hamare locality ka public seating area damaged hai.,urban development,8
There are large potholes on the main road in our area.,urban development,8
हमारे क्षेत्र में नागरिक शिकायत दर्ज करने की स्पष्ट प्रक्रिया नहीं है।,public administration,6
Residents are facing a problem because ambulance services are not available when urgently needed.,healthcare,5
Rainwater accumulates on the roads because of poor drainage.,urban development,8
कृषि के लिए बिजली की आपूर्ति बार-बार बाधित होती है।,agriculture,1
Local students ko problem ho rahi hai kyunki classes bahut overcrowded rooms mein conduct ho rahi hain.,education,2
Solar streetlights installed in our locality are not functioning.,energy,3
The village irrigation pump is damaged and has not been repaired.,agriculture,1
There is no accessible parking space near the public building.,accessibility,0
Students ko unki classes ki enough textbooks nahi mil rahi hain.,education,2
The local government employment scheme does not provide work regularly.,rural livelihood,7
Hamare area ka footpath wheelchair users ke liye accessible nahi hai.,accessibility,0
School ki boundary wall damaged hai aur safety issue create kar rahi hai.,education,2
स्थानीय कृषि केंद्र में खाद की कमी है।,agriculture,1
Road construction work kai months se incomplete pada hai.,urban development,8
There is no proper infrastructure for elderly and disabled pedestrians.,urban development,8
Agriculture ke liye electricity supply frequently interrupt hoti hai.,agriculture,1
Main complaint register karna chahta hoon ki local administration ne residents ke requests ka response nahi diya hai.,public administration,6
Residents are facing an accessibility problem because there is no wheelchair ramp at the entrance of the government building.,accessibility,0
बार-बार अनुरोध करने के बावजूद संबंधित विभाग ने समस्या का समाधान नहीं किया है।,public administration,6
Unemployment ke time rural workers ko timely assistance nahi milti.,rural livelihood,7
पाइपलाइन की लीकेज ठीक नहीं होने के कारण पानी बर्बाद हो रहा है।,water related,9
Smoke from nearby factories is causing air pollution in our locality.,environment,4
Pest attacks ki wajah se crops damage ho rahi hain aur timely support nahi mil raha.,agriculture,1
मैं इस समस्या से परेशान हूं क्योंकि स्थानीय कृषि कार्यालय किसानों को उचित मार्गदर्शन नहीं दे रहा है।,agriculture,1
बाजार के पास कचरे के बहुत सारे ढेर लगे हुए हैं।,environment,4
Main is problem se pareshan hoon kyunki mere area ke government hospital mein enough doctors nahi hain.,healthcare,5
हमारे क्षेत्र के खेल मैदान की तुरंत मरम्मत की जरूरत है।,urban development,8
हमारे गांव के खेतिहर मजदूरों को पर्याप्त मौसमी रोजगार नहीं मिलता है।,rural livelihood,7
ग्रामीण श्रमिकों को सरकारी आजीविका योजनाओं की जानकारी समय पर नहीं मिलती है।,rural livelihood,7
The school does not have adequate desks and benches for students.,education,2
हमारे क्षेत्र के सार्वजनिक कूड़ेदान कचरे से भर गए हैं।,environment,4
Students are not getting enough textbooks for their classes.,education,2
एक ही सेवा के लिए नागरिकों को सरकारी कार्यालय के कई चक्कर लगाने पड़ते हैं।,public administration,6
Residents in our area are facing a problem because the electricity meter installation request has not been processed.,energy,3
School mein teachers frequently absent rehte hain aur proper arrangement nahi hota.,education,2
The village does not have proper skill training opportunities for young people.,rural livelihood,7
इस सड़क पर पैदल चलने वालों के लिए उचित फुटपाथ नहीं है।,urban development,8
Hamare village mein canal water supply irregular hai.,agriculture,1
A damaged electricity pole has not been repaired.,energy,3
School ke paas pedestrians ke liye proper crossing nahi hai.,urban development,8
The water supply is interrupted frequently in our area.,water related,9
Ye ek serious problem hai ki students ke liye school mein proper library facility nahi hai.,education,2
Hospital mein proper queue management nahi hai.,healthcare,5
Eligible students ko scholarship ka payment abhi tak receive nahi hua hai.,education,2
Please register my complaint that residents are not receiving clear information about government services.,public administration,6
There are no nearby vocational training centres for rural youth.,rural livelihood,7
The trees in our area are being cut without proper replacement.,environment,4
एक ही सेवा के लिए नागरिकों को सरकारी कार्यालय के कई चक्कर लगाने पड़ते हैं।,public administration,6
हमारे समुदाय में बिजली का कनेक्शन पर्याप्त नहीं है।,energy,3
The newly developed residential area lacks basic civic infrastructure.,urban development,8
The local government employment scheme does not provide work regularly.,rural livelihood,7
The emergency services at the hospital are not available properly.,healthcare,5
The public toilet does not have an accessible facility for disabled people.,accessibility,0
Smoke from nearby factories is causing air pollution in our locality.,environment,4
स्कूल में छात्रों के लिए कंप्यूटर की सुविधा बहुत सीमित है।,education,2
Nearby factories ka smoke hamare locality mein air pollution cause kar raha hai.,environment,4
मैं इस समस्या से परेशान हूं क्योंकि हमारे क्षेत्र में नियमित पानी की आपूर्ति नहीं होती है।,water related,9
The road expansion work has caused unnecessary obstruction for residents.,urban development,8
The government clinic has irregular doctor timings.,healthcare,5
स्कूल में छात्रों की संख्या के अनुसार पर्याप्त शिक्षक नहीं हैं।,education,2
Please register my complaint that sewage and waste are being discharged into the local water body.,environment,4
स्थानीय पार्क में कचरा और गंदगी फैली हुई है।,environment,4
The transformer in our area is overloaded and frequently trips.,energy,3
Young people in the village do not have access to affordable skill development.,rural livelihood,7
Please register my complaint that garbage is not being collected from our street regularly.,environment,4
The water tanker does not arrive on its scheduled time.,water related,9
There is a serious issue that there is no proper library facility available for students.,education,2
वोल्टेज में बार-बार उतार-चढ़ाव से घरेलू उपकरण खराब हो रहे हैं।,energy,3
Road construction work kai months se incomplete pada hai.,urban development,8
I want to report that there is no regular water supply in our locality.,water related,9
स्थानीय सरकारी कार्यालय में उचित शिकायत निवारण डेस्क नहीं है।,public administration,6
Government office mein proper queue management nahi hai.,public administration,6
कृपया शिकायत दर्ज करें कि मेरे क्षेत्र के सरकारी स्कूल में कक्षाओं की उचित व्यवस्था नहीं है।,education,2
Hamare area mein garbage collection service regular nahi hai.,environment,4
Farmers ko mandi mein crops ka fair price nahi mil raha hai.,agriculture,1
Hamare area mein proper waste segregation facility nahi hai.,environment,4
Hamare village ki women ke liye income earn karne ke opportunities limited hain.,rural livelihood,7
Hospital mein patients ko handle karne ke liye enough nurses nahi hain.,healthcare,5
The local administration has not addressed the shortage of livelihood opportunities in our village.,rural livelihood,7
There is no proper street lighting near the public road.,energy,3
The tap water has a bad smell and is not safe to drink.,water related,9
हमारे गांव के लोगों को समस्या हो रही है क्योंकि हमारे गांव में छोटे व्यवसायों के लिए उचित सुविधाओं की कमी है।,rural livelihood,7
Please register my complaint that the local agriculture office is not providing proper guidance to farmers.,agriculture,1
The waiting area at the health centre is overcrowded.,healthcare,5
हमारे क्षेत्र का सामुदायिक केंद्र खराब स्थिति में है।,urban development,8
There is excessive waiting time at the local government office.,public administration,6
सार्वजनिक भवन के पास दिव्यांग लोगों के लिए आरक्षित पार्किंग नहीं है।,accessibility,0
The government office does not have an accessible entrance.,accessibility,0
Main complaint register karna chahta hoon ki repeated complaints ke baad bhi power outage continue hai.,energy,3
Hamare area ka transformer overloaded hai aur frequently trip karta hai.,energy,3
खड़ी की गई गाड़ियां सुलभ फुटपाथ को रोक रही हैं।,accessibility,0
बार-बार अनुरोध करने के बावजूद संबंधित विभाग ने समस्या का समाधान नहीं किया है।,public administration,6
बस स्टॉप पर दिव्यांग लोगों के लिए उचित सुविधाएं नहीं हैं।,accessibility,0
Government health centre mein medicines ki shortage hai.,healthcare,5
स्थानीय स्वयं सहायता समूहों को समय पर वित्तीय सहायता नहीं मिल रही है।,rural livelihood,7
The drainage water is mixing with the drinking water supply.,water related,9
Farmers ko subsidized seeds lene mein problem ho rahi hai.,agriculture,1
हमारे समुदाय में बिजली का कनेक्शन पर्याप्त नहीं है।,energy,3
Main is problem se pareshan hoon kyunki mere area ke farmers ko irrigation ke liye regular water supply nahi mil rahi hai.,agriculture,1
Market ke paas road bahut narrow hai aur regular traffic jam hota hai.,urban development,8
कृपया मेरी शिकायत दर्ज करें कि हमारे क्षेत्र की सड़कें बहुत खराब हैं और मरम्मत की जरूरत है।,urban development,8
मैं शिकायत दर्ज करना चाहता हूं कि हमारे क्षेत्र की कई स्ट्रीट लाइटें काम नहीं कर रही हैं।,energy,3
The water tanker does not arrive on its scheduled time.,water related,9
There is no proper queue management at the hospital.,healthcare,5
Residents in our area are facing a problem because there is no regular water supply in our locality.,water related,9
हमारे क्षेत्र में रीसाइक्लिंग की उचित सुविधा उपलब्ध नहीं है।,environment,4
Hamare locality ki main road ke paas proper drainage nahi hai.,urban development,8
Scholarship payments for eligible students have not been received.,education,2
Please meri complaint register karein ki hamare locality ki roads bahut damaged hain aur repair ki zarurat hai.,urban development,8
Public toilet mein disabled people ke liye proper accessible facility nahi hai.,accessibility,0
यह एक गंभीर समस्या है कि छात्रों के लिए स्कूल में उचित पुस्तकालय की सुविधा नहीं है।,education,2
कृपया मेरी शिकायत दर्ज करें कि स्थानीय प्रशासन ने निवासियों के अनुरोधों का जवाब नहीं दिया है।,public administration,6
Main complaint register karna chahta hoon ki hamare locality ki roads bahut damaged hain aur repair ki zarurat hai.,urban development,8
